id;name;category;unit;current_stock;min_stock_level;cost_per_unit;supplier;is_active;created_at;updated_at;supplier_id
6ba9f2a4-f3da-4a16-a847-d4400693bab6;PORRIDGE BEANS WITH FRIED PLANTAIN;BREAKFAST;pcs;0;5;2500;;true;2025-12-24 17:20:17.922628+00;2025-12-24 17:20:17.922628+00;
acd1624d-ed09-444b-bebc-bbe41696c7c4;PORRIDGE YAM WITH FISH;BREAKFAST;pcs;0;5;4000;;true;2025-12-24 17:20:18.019639+00;2025-12-24 17:20:18.019639+00;
3311333e-28c9-4c8f-b728-aa3a592f861e;YAM PEPPER SOUP WITH FISH;BREAKFAST;pcs;0;5;3500;;true;2025-12-24 17:20:18.122044+00;2025-12-24 17:20:18.122044+00;
179844c7-6044-4fc4-a6a2-516f943939f0;PORRIDGE YAM WITH ICE FISH;Lunch;pcs;0;5;3000;;true;2025-12-24 17:20:18.441246+00;2025-12-24 17:20:18.441246+00;
bb2aa378-f3da-4770-87a9-475b2c79714d;SHISHA;SMOKE;pcs;0;5;3500;;true;2025-12-24 17:20:18.54277+00;2025-12-24 17:20:18.54277+00;
ac25a523-a2f1-4c84-814f-898119efc62b;EXTRA COAL;SMOKE;pcs;0;5;500;;true;2025-12-24 17:20:18.642542+00;2025-12-24 17:20:18.642542+00;
34654105-4062-473a-9756-a95e5853afd0;SNOOKER COINS;LOUNGE GAMES;pcs;0;5;1000;;true;2025-12-24 17:20:18.850129+00;2025-12-24 17:20:18.850129+00;
ef563b08-9bf2-492f-8d75-46ddf4e5c65c;FRIED FISH TILAPIA FISH AND SALAD;DINNER;pcs;0;5;3500;;true;2025-12-24 17:20:18.946294+00;2025-12-24 17:20:18.946294+00;
4cb21a1f-51ae-4954-805b-bffdc760f8c6;JOLLOF RICE AND FRIED GOATMEAT;Lunch;pcs;0;5;3000;;true;2025-12-24 17:20:19.068307+00;2025-12-24 17:20:19.068307+00;
873809fc-08b0-457f-8918-b62aa4bd520d;TWO SNAILS;PROTEINS;pcs;0;5;1000;;true;2025-12-24 17:20:19.169006+00;2025-12-24 17:20:19.169006+00;
673768c0-feff-47e1-9758-0b13c689fdb7;COCONUT RICE WITH CHICKEN;Lunch;pcs;0;5;4000;;true;2025-12-24 17:20:19.285303+00;2025-12-24 17:20:19.285303+00;
b2bc7472-4153-4c53-bf5c-77b782d56919;FRIED EGG 1;BREAKFAST;pcs;0;5;1000;;true;2025-12-24 17:20:19.507145+00;2025-12-24 17:20:19.507145+00;
c2a7720e-96dd-4142-b430-7be2ec4ff2b6;FRIED RICE, GOATMEAT AND SALAD;Lunch;pcs;0;5;3500;;true;2025-12-24 17:20:19.613989+00;2025-12-24 17:20:19.613989+00;
3dbfbcb1-9586-4405-bafb-663d71b51194;JOLLOF RICE WITH SALAD;DINNER;pcs;0;5;1500;;true;2025-12-24 17:20:19.716525+00;2025-12-24 17:20:19.716525+00;
24415497-bc0a-440e-bde9-ac39759b87a7;PARTY JOLLOF TURKEY AND SALAD;DINNER;pcs;0;5;5500;;true;2025-12-24 17:20:19.914622+00;2025-12-24 17:20:19.914622+00;
af866010-0789-46ae-a55a-c441928c07cf;JOLLOF RICE WITH  BEEF AND SALAD;Lunch;pcs;0;5;3800;;true;2025-12-24 17:20:20.243511+00;2025-12-24 17:20:20.243511+00;
032e47f2-0cc1-4062-869a-7a04a7d6a274;TURKEY AND CHIPS  WITH SALAD;DINNER;pcs;0;5;6000;;true;2025-12-24 17:20:20.351132+00;2025-12-24 17:20:20.351132+00;
1a9b51b4-a392-440c-a7b2-bc6e2a3dc4fe;RICE AND BEANS WITH FISH;Lunch;pcs;0;5;5000;;true;2025-12-24 17:20:20.455258+00;2025-12-24 17:20:20.455258+00;
7d7b7266-6eb7-494d-9f0b-ba50bdcf7494;GULDER BOTTLE VIP;Beer;pcs;0;5;1300;;true;2025-12-24 17:20:41.72213+00;2025-12-24 17:20:41.72213+00;
a79da2f8-ffb0-43fd-a28f-007d93a054ae;BEET AND PINEAPPLE;FRESH SQUEEZE JUICE;pcs;0;5;2000;;true;2025-12-24 17:20:20.777938+00;2025-12-24 17:20:20.777938+00;
664d9156-1457-4b26-8922-884e91cf645d;CAN SPRITE;soft drink;pcs;0;5;1000;;true;2025-12-24 17:20:20.9922+00;2025-12-24 17:20:20.9922+00;
fb58af1e-f831-4496-a5e5-64934b8d5f9c;FRIED RICE AND CHICKEN;Lunch;pcs;0;5;4000;;true;2025-12-24 17:20:21.095799+00;2025-12-24 17:20:21.095799+00;
d237f604-779b-4904-89c9-dda2dcd88e55;HAPPY HOUR;JUICE;pcs;0;5;2000;;true;2025-12-24 17:20:21.227392+00;2025-12-24 17:20:21.227392+00;
754aaeb0-132a-4ec4-aa0a-8f7bd9ac1563;STAR RADLAR BOTTLE REG;Beer;pcs;0;5;1300;;true;2025-12-24 17:20:21.802244+00;2025-12-24 17:20:21.802244+00;
93132237-dd16-42e5-8a83-ab8ece878740;MEDIUM STOUT REG;Beer;pcs;0;5;2000;;true;2025-12-24 17:20:22.355481+00;2025-12-24 17:20:22.355481+00;
c67dcc7c-5f23-4d28-b49f-b5f040b5b4d2;TOMI CAN;DRINKS;pcs;0;5;1000;;true;2025-12-24 17:20:22.913671+00;2025-12-24 17:20:22.913671+00;
e0dd5e1d-6b01-485d-9164-9a99c64c1c8b;SMALL TURKEY;Protein;pcs;0;5;2500;;true;2025-12-24 17:20:23.474786+00;2025-12-24 17:20:23.474786+00;
54dae0af-411a-45a1-9817-1eb815b9d73e;SHAWARMA BEEF JUMBO;GRILLS;pcs;0;5;3500;;true;2025-12-24 17:20:24.017816+00;2025-12-24 17:20:24.017816+00;
a69d8488-bb11-4050-9478-078f7bf66811;CURRY SAUCE;BREAKFAST;pcs;0;5;7500;;true;2025-12-24 17:20:24.892503+00;2025-12-24 17:20:24.892503+00;
c6b43dae-d622-430f-8588-3edf2c1905d0;PINEAPPLE JUICE;FRESH SQUEEZE JUICE;pcs;0;5;7000;;true;2025-12-24 17:20:25.422489+00;2025-12-24 17:20:25.422489+00;
b1ec649e-bdbe-4033-a621-cd8c0343a7b4;SIR EDWARD;SPIRIT/WHISKY;pcs;0;5;20000;;true;2025-12-24 17:20:34.505417+00;2025-12-24 17:20:34.505417+00;
58b63489-29ee-476b-b0cb-6722fa0bc196;CATFISH 5k;PROTEINS;pcs;0;5;5000;;true;2025-12-24 17:20:36.139327+00;2025-12-24 17:20:36.139327+00;
697cdbab-867e-477e-ab82-e24e80bd96e5;BACARDI BLANCA;RUM;pcs;0;5;40000;;true;2025-12-24 17:20:36.645209+00;2025-12-24 17:20:36.645209+00;
02308088-ca50-4b9b-8d65-2e4676b0c40a;GULDER BOTTLE REG;Beer;pcs;0;5;1000;;true;2025-12-24 17:20:41.827591+00;2025-12-24 17:20:41.827591+00;
751c0f50-67ed-441f-a18a-887821a51e65;SMALL LEGEND REG;Beer;pcs;0;5;1600;;true;2025-12-24 17:20:41.945396+00;2025-12-24 17:20:41.945396+00;
3e141ae5-227d-477e-86eb-88456c8b1d8c;BIG LEGEND REG;Beer;pcs;0;5;1200;;true;2025-12-24 17:20:42.045964+00;2025-12-24 17:20:42.045964+00;
fe7afcf1-a56a-4a4b-8e30-70aae5676e6b;STAR RADLAR BOTTLE VIP;Beer;pcs;0;5;1500;;true;2025-12-24 17:20:42.147294+00;2025-12-24 17:20:42.147294+00;
aa1d8e52-cdc8-4985-b239-909a287b8559;LIFE BOTTLE VIP;Beer;pcs;0;5;1500;;true;2025-12-24 17:20:42.251397+00;2025-12-24 17:20:42.251397+00;
36924e31-1904-40fd-8f7f-e7209622e6cf;AMSTEL REG;MALT;pcs;0;5;1200;;true;2025-12-24 17:20:42.458294+00;2025-12-24 17:20:42.458294+00;
2f8c726b-f816-4e27-9151-e19bac237d07;MEDIUM STOUT VIP;Beer;pcs;0;5;1500;;true;2025-12-24 17:20:42.58618+00;2025-12-24 17:20:42.58618+00;
2ccefe44-8b11-4326-b592-07715d14a9e8;ACE ROOT;Bitters;pcs;0;5;1600;;true;2025-12-24 17:20:42.685794+00;2025-12-24 17:20:42.685794+00;
c6a041c1-83a5-4f0c-9a88-bfe0b7c04a62;CHIPS;SIDES;pcs;0;5;2000;;true;2025-12-24 17:20:42.789811+00;2025-12-24 17:20:42.789811+00;
1f2f5d17-2fad-4dfc-b5f4-e165182c5cb6;TIGER BOTTLE REG;DRINKS;pcs;0;5;1600;;true;2025-12-24 17:20:43.005945+00;2025-12-24 17:20:43.005945+00;
8a28963c-39cc-4f9c-a776-c590bb78a925;IMPERIAL CROWN;DRINKS;pcs;0;5;1000;;true;2025-12-24 17:20:43.109611+00;2025-12-24 17:20:43.109611+00;
5ba02cd7-55b9-4973-83d9-3e48d6d803b1;V-SMARTIC;DRINKS;pcs;0;5;3400;;true;2025-12-24 17:20:43.20595+00;2025-12-24 17:20:43.20595+00;
9b5b19b7-a01d-40c6-8009-ccd3abcc376d;TEEM BITTER LEMON;SOFT;pcs;0;5;700;;true;2025-12-24 17:20:43.308335+00;2025-12-24 17:20:43.308335+00;
c148c82b-a63c-427c-b63f-4650417ee624;CHICKEN;Protein;pcs;0;5;3000;;true;2025-12-24 17:20:43.61295+00;2025-12-24 17:20:43.61295+00;
194311d6-6d97-4669-b69c-6bc1709b470d;COCONUTRICE AND CHICKEN;Lunch;pcs;0;5;4500;;true;2025-12-24 17:20:43.718698+00;2025-12-24 17:20:43.718698+00;
99f142e8-2ab0-45f4-824d-e42f89613bb5;JAGERMEISTER SMALL;LIQUOR;pcs;0;5;2000;;true;2025-12-24 17:20:44.024285+00;2025-12-24 17:20:44.024285+00;
30874f28-4f1d-446c-9fde-a172a53057b6;Empty bottle;Bottle;pcs;0;5;500;;true;2025-12-24 17:20:44.239301+00;2025-12-24 17:20:44.239301+00;
60020ab7-2934-4234-9ad7-0d7f01f82a5b;GIACOBAZZI;CHAMPAGNE;pcs;0;5;10000;;true;2025-12-24 17:20:37.688496+00;2025-12-24 17:20:37.688496+00;
b8f4ba98-4d22-417d-869e-63b659302401;BANANA AVACADO AND APPLE;MIXED FRUIT SMOOTHIES;pcs;0;5;2500;;true;2025-12-24 17:20:38.251847+00;2025-12-24 17:20:38.251847+00;
7f304cc8-f8e4-4d4c-83b7-3702a4f64034;J&W COCTAIL;WINE;pcs;0;5;8000;;true;2025-12-24 17:20:38.776918+00;2025-12-24 17:20:38.776918+00;
3da7513a-008b-4b5c-9e93-020c994f5a10;EXTRA FISH;Protein;pcs;0;5;2000;;true;2025-12-24 17:20:39.328442+00;2025-12-24 17:20:39.328442+00;
4ae65e90-2d1e-4680-b0eb-d5fee4ae2a7c;BUDWEISER BOTTLE VIP;Beer;pcs;0;5;1500;;true;2025-12-24 17:20:39.861067+00;2025-12-24 17:20:39.861067+00;
d95ec67a-3c13-48ce-92ff-72050a561279;DESPERADOS BOTTLE REGULAR;Beer;pcs;0;5;2000;;true;2025-12-24 17:20:40.392349+00;2025-12-24 17:20:40.392349+00;
a598b742-607d-41ce-9a25-260019b5c890;CASTLE LITE VIP;Beer;pcs;0;5;1500;;true;2025-12-24 17:20:40.920895+00;2025-12-24 17:20:40.920895+00;
b4f6abca-d7d7-479f-a03e-57bd8b53fa4d;TROPHY stout BOTTTLE REG;Beer;pcs;0;5;1600;;true;2025-12-24 17:20:41.430087+00;2025-12-24 17:20:41.430087+00;
bc7b4947-465c-41a2-852f-15e71a1d23ba;33 BOTTLE VIP;Beer;pcs;0;5;1500;;true;2025-12-24 17:20:42.355182+00;2025-12-24 17:20:42.355182+00;
c9ac7490-55ba-455b-ae5d-462f01c88bf7;TILAPIA FISH BARBEQUE 10K;GRILLS;pcs;0;5;10000;;true;2025-12-24 17:20:44.347963+00;2025-12-24 17:20:44.347963+00;
74e6e7a6-3e2d-40c8-8ad5-442bd159c33d;PINEAPPLE & WATERMELON;FRESH MIXED JUICE;pcs;0;5;2500;;true;2025-12-24 17:20:44.453368+00;2025-12-24 17:20:44.453368+00;
8c60fe5a-5cc7-40f5-84f6-d9e3345b7c92;EGUSI WITH BEEF;Lunch;pcs;0;5;6500;;true;2025-12-24 17:20:44.568636+00;2025-12-24 17:20:44.568636+00;
9d0c94fc-2093-44b1-bb32-94dc4bd0bd16;JOLLOF RICE;DINNER;pcs;2;5;2000;;true;2025-12-24 17:20:19.814801+00;2025-12-24 17:20:19.814801+00;
800552dd-e81b-4e20-87f4-8a498b910682;EGUSI SOUP AND FISH;Lunch;pcs;4;5;7500;;true;2025-12-24 17:20:45.600406+00;2025-12-24 17:20:45.600406+00;
0c4c001b-e033-401a-a030-838afb7fc1f9;AFANG SOUP WITH TILAPIA FISH;DINNER;pcs;9;5;4000;;true;2025-12-24 17:20:18.33504+00;2025-12-24 17:20:18.33504+00;
402c8f0b-b8ad-4b49-9328-545548d2e8d3;OKRO SOUP AND BEEF;Lunch;pcs;9;5;3000;;true;2025-12-24 17:20:20.884512+00;2025-12-24 17:20:20.884512+00;
7c2f76b5-c730-424e-a296-981c8b983bc9;OKRO SOUP AND SNAIL;Lunch;pcs;9;5;9500;;true;2025-12-24 17:20:44.127646+00;2025-12-24 17:20:44.127646+00;
f6f28897-2191-44a0-b162-c6de6e43238b;WHITE SOUP ONLY;DINNER;pcs;6;5;2500;;true;2025-12-24 17:20:20.134869+00;2025-12-24 17:20:20.134869+00;
3d2a970b-3ee6-4e62-89a4-bd09f154e0ff;AFANG SOUP WITH SNAIL;SOUPS;pcs;14;5;6000;;true;2025-12-24 17:20:35.150641+00;2025-12-24 17:20:35.150641+00;
bb24aa63-829d-4c6a-92ca-0bf7e2920cba;CATFISH PEPPERSOUP AND RICE;Lunch;pcs;6;5;4000;;true;2025-12-24 17:20:43.406056+00;2025-12-24 17:20:43.406056+00;
115cb5b8-70e1-478c-8712-a02e59fb3638;HOLLANDIA YOGHURT  PLAIN;YOGHURT;pcs;9;5;3400;;true;2025-12-24 17:20:42.90009+00;2025-12-24 17:20:42.90009+00;
45212f55-f216-4654-981b-6a4ba8a2233b;BETA MALT BOTTLE;MALT;pcs;2;5;1000;;true;2025-12-24 17:20:52.292952+00;2025-12-24 17:20:52.292952+00;
1cea5af5-1def-48d2-9e72-0c87f04733d9;MALTINA REG;MALT;pcs;1;5;1200;;true;2025-12-24 17:20:22.456999+00;2025-12-24 17:20:22.456999+00;
7f504ca5-e2f9-406d-a434-605b823a6f93;SMIRNOFF ICE BIG;Beer;pcs;2;5;2200;;true;2025-12-24 17:20:44.666821+00;2025-12-24 17:20:44.666821+00;
22acaff7-50d3-4c0a-8891-9c49df52887b;SMIRNOFF BLACK ICE BOTTLE;Beer;pcs;1;5;1800;;true;2025-12-24 17:20:44.77365+00;2025-12-24 17:20:44.77365+00;
ecef2d38-a49a-4be7-8db4-613ff0a24a18;GOATMEAT PEPPERSOUP;DINNER;pcs;7;5;4500;;true;2025-12-24 17:20:37.179367+00;2025-12-24 17:20:37.179367+00;
a4c3c275-f61d-4050-9317-9c4a33585e5d;BALLAMOUR;Bitters;pcs;0;5;1000;;true;2025-12-24 17:20:23.017365+00;2025-12-24 17:20:23.017365+00;
6b002261-c95c-40e9-b140-b40c54821da4;Barbecue Catfish 8500;GRILLS;pcs;0;5;8500;;true;2025-12-24 17:20:35.667839+00;2025-12-24 17:20:35.667839+00;
484256e9-648b-42bb-89e0-7353f3d71a92;JOLLOF RICE AND BEEF;Lunch;pcs;0;5;4000;;true;2025-12-24 17:20:37.277037+00;2025-12-24 17:20:37.277037+00;
836fb633-91b7-4130-9da9-b7e1da07fbbe;JOLLOF RICE AND SNAILS;Lunch;pcs;0;5;3500;;true;2025-12-24 17:20:37.79577+00;2025-12-24 17:20:37.79577+00;
155465a3-4310-4e77-93ef-8077e54a4894;GLACOBAZZI;WINE;pcs;0;5;15000;;true;2025-12-24 17:20:38.354051+00;2025-12-24 17:20:38.354051+00;
c644570a-4a9e-44fb-8b1f-1407c26d2164;CAPRI-SUN 200ml;JUICE;pcs;0;5;500;;true;2025-12-24 17:20:38.896585+00;2025-12-24 17:20:38.896585+00;
9b78d684-a344-453b-bef3-34b693f6533c;LEGEND TWIST Can;Beer;pcs;0;5;1200;;true;2025-12-24 17:20:39.443712+00;2025-12-24 17:20:39.443712+00;
bfccda6a-50b4-41c2-847c-f85729cb0968;BUDWEISER BOTTLE REGULAR;Beer;pcs;0;5;1700;;true;2025-12-24 17:20:39.970383+00;2025-12-24 17:20:39.970383+00;
f0cc7288-d9d7-42cc-8ee0-f75199319cff;LEGEND BOTTLE VIP;Beer;pcs;0;5;1500;;true;2025-12-24 17:20:40.491466+00;2025-12-24 17:20:40.491466+00;
d0a36abb-74aa-4960-b509-7384b3bd9b54;CASTLE LITE REG;Beer;pcs;0;5;1600;;true;2025-12-24 17:20:41.021419+00;2025-12-24 17:20:41.021419+00;
1aa13ff5-9cd6-4d65-a003-f1e6d254f5a5;STAR BOTTLE REG;Beer;pcs;0;5;1800;;true;2025-12-24 17:20:41.529765+00;2025-12-24 17:20:41.529765+00;
331940bc-56ff-497d-ba1b-530dc9c07bdc;TILAPIA FISH BARBEQUE 9,500;GRILLS;pcs;0;5;9500;;true;2025-12-24 17:20:44.875215+00;2025-12-24 17:20:44.875215+00;
7fe807a5-6dbe-475c-a52f-384280323ea2;TILAPIAFISH BARBECUE 15K;GRILLS;pcs;0;5;15000;;true;2025-12-24 17:20:44.984516+00;2025-12-24 17:20:44.984516+00;
503f1351-38d7-4630-81dd-5cf7985aa866;SHAWARMA BEEF;GRILLS;pcs;0;5;2500;;true;2025-12-24 17:20:45.091085+00;2025-12-24 17:20:45.091085+00;
93f080d8-c214-4511-be8c-84ec28ffa8b2;STAR CHASER;RED WINE;pcs;0;5;8000;;true;2025-12-24 17:20:45.191935+00;2025-12-24 17:20:45.191935+00;
c0f2819a-7f0c-4c30-919d-c0ce9a9f184a;TILAPIAFISH BARBECUE 14K;GRILLS;pcs;0;5;14000;;true;2025-12-24 17:20:45.305894+00;2025-12-24 17:20:45.305894+00;
d1071a1a-5ab1-41a4-8cb8-e24408639def;TILAPIA BERBECUE 11,500;GRILLS;pcs;0;5;11500;;true;2025-12-24 17:20:45.402469+00;2025-12-24 17:20:45.402469+00;
48136c8d-7c2b-4b50-a0ce-dee26824c3dc;MASSIMO;RED WINE;pcs;0;5;15000;;true;2025-12-24 17:20:45.50342+00;2025-12-24 17:20:45.50342+00;
9ad9083f-3070-4fa0-b62c-5932f000b408;UKWA AND BEEF;Lunch;pcs;0;5;4500;;true;2025-12-24 17:20:45.701479+00;2025-12-24 17:20:45.701479+00;
7b6872f8-2b84-477f-b0c4-bd495559fb70;TILAPIAFISH BARBECUE 4K;GRILLS;pcs;0;5;4000;;true;2025-12-24 17:20:45.797386+00;2025-12-24 17:20:45.797386+00;
d5b6cc56-0ca6-4339-95d5-5d0d582f4f8f;TILAPIA 4K;GRILLS;pcs;0;5;4000;;true;2025-12-24 17:20:45.910709+00;2025-12-24 17:20:45.910709+00;
b2bdb163-2c4c-4764-8945-d71571d84e34;shrimps lopster;Protein;pcs;0;5;8000;;true;2025-12-24 17:20:46.012116+00;2025-12-24 17:20:46.012116+00;
780a234a-6f30-4d65-94a6-b51b72eb6309;VINUT GUAVA;WINE;pcs;0;5;2000;;true;2025-12-24 17:20:46.111641+00;2025-12-24 17:20:46.111641+00;
634da9b0-6656-4c5d-94ce-1a7b81b093a7;FELIZA WHITE;WINE;pcs;0;5;10000;;true;2025-12-24 17:20:46.211074+00;2025-12-24 17:20:46.211074+00;
22c07ec5-06ce-4e5a-bf61-7e3445b56761;VINUT ORANGE;WINE;pcs;0;5;2000;;true;2025-12-24 17:20:46.31178+00;2025-12-24 17:20:46.31178+00;
7ac7bb5a-6067-4023-85d6-4198973918c5;VINO GANO;Bitters;pcs;0;5;1200;;true;2025-12-24 17:20:46.409761+00;2025-12-24 17:20:46.409761+00;
719c52a5-88a6-48dd-86b8-9f8aac27e015;3D JEDI;Bitters;pcs;0;5;1000;;true;2025-12-24 17:20:46.520639+00;2025-12-24 17:20:46.520639+00;
3e77c993-d33f-4d63-8fa2-e260fcc64091;3D BITTERS;Bitters;pcs;0;5;1000;;true;2025-12-24 17:20:46.619134+00;2025-12-24 17:20:46.619134+00;
766947cd-65dd-4eed-9ec4-8df1beec5474;SOSA DRINK;soft drink;pcs;0;5;600;;true;2025-12-24 17:20:46.730318+00;2025-12-24 17:20:46.730318+00;
a4ddc02b-6dbe-44d4-a4f8-d53f2cb06d6f;BIGI LEMON;soft drink;pcs;0;5;400;;true;2025-12-24 17:20:46.829992+00;2025-12-24 17:20:46.829992+00;
47eaa908-55f7-4db5-b487-a5f5c0f2bb27;CATFISH 22K;Barbecue;pcs;0;5;22000;;true;2025-12-24 17:20:46.933141+00;2025-12-24 17:20:46.933141+00;
8f65ffd4-fd6d-4708-ad10-afd028ffce1c;KUEMERELING MEDIUM;LIQUOR;pcs;0;5;13000;;true;2025-12-24 17:20:47.045112+00;2025-12-24 17:20:47.045112+00;
799feb21-3e95-420a-9eb8-25147a95f629;DEAD MAN FINGER;RUM;pcs;0;5;19000;;true;2025-12-24 17:20:47.165373+00;2025-12-24 17:20:47.165373+00;
82447d24-6053-412e-ba57-57e4e1f40dfd;FULL GRILLED CHICKEN;PROTEINS;pcs;0;5;20000;;true;2025-12-24 17:20:47.266615+00;2025-12-24 17:20:47.266615+00;
1cede08b-a411-435b-83b8-530a1c804030;MARTEL VS;WHISKY;pcs;0;5;85000;;true;2025-12-24 17:20:47.367217+00;2025-12-24 17:20:47.367217+00;
5469186e-0d12-437e-b8ef-7d9754349716;FRIED RICE;Lunch;pcs;0;5;2500;;true;2025-12-24 17:20:47.878154+00;2025-12-24 17:20:47.878154+00;
98f9fa10-45b0-48e7-ad12-6fe8cb150bbb;TILAPIA FISH BARBECUE 6500;GRILLS;pcs;0;5;6500;;true;2025-12-24 17:20:43.501757+00;2025-12-24 17:20:43.501757+00;
5b0d119d-0681-4e9c-9188-947980aad7e7;TILAPIA FISH BARBEQUE 12K;GRILLS;pcs;0;5;12000;;true;2025-12-24 17:20:48.413299+00;2025-12-24 17:20:48.413299+00;
89130763-f893-4de2-9c97-da42ad2b8fc1;TILAPIA FISH BARBEQUE 13,500;GRILLS;pcs;0;5;13500;;true;2025-12-24 17:20:48.960349+00;2025-12-24 17:20:48.960349+00;
1078a3d5-598c-4234-84e4-6f3a7f049c1c;MONSTER WHITE;ENERGY DRINK;pcs;0;5;2000;;true;2025-12-24 17:20:49.768115+00;2025-12-24 17:20:49.768115+00;
3aaa47bb-c6f8-45d8-a874-c331c2d94813;BIGI COLA;soft drink;pcs;0;5;400;;true;2025-12-24 17:20:50.637025+00;2025-12-24 17:20:50.637025+00;
6a7fccf9-adb2-4325-98ad-082ce7cbcc3c;SILK AND SPICE;RED WINE;pcs;0;5;30000;;true;2025-12-24 17:20:51.467636+00;2025-12-24 17:20:51.467636+00;
d77a3404-f06f-4ba3-b6a2-0908208a222e;MONSTER GREEN;ENERGY DRINK;pcs;0;5;2000;;true;2025-12-24 17:20:52.874569+00;2025-12-24 17:20:52.874569+00;
6ad80172-a4b1-431a-a2ec-009e45689b54;WILLIAM LAWSON;SPIRIT/WHISKY;pcs;0;5;25000;;true;2025-12-24 17:20:53.73712+00;2025-12-24 17:20:53.73712+00;
0bc7f06e-9df5-40e1-b8c4-e399f4fdf1ef;AFANG SOUP AND CHICKEN;Lunch;pcs;9;5;7500;;true;2025-12-24 17:20:35.024312+00;2025-12-24 17:20:35.024312+00;
908cf1a5-e8c6-4301-b8f7-c29007585bff;BANGA SOUP AND TURKEY;Lunch;pcs;2;5;5500;;true;2025-12-24 17:20:39.542127+00;2025-12-24 17:20:39.542127+00;
3aace068-2e13-4091-a37a-0fb0c41270c1;OHA SOUP WITH TUIRKEY;Lunch;pcs;13;5;3500;;true;2025-12-24 17:20:20.563038+00;2025-12-24 17:20:20.563038+00;
42f36ee2-d9fb-43f5-a684-867d00111f2c;NATIVE SOUP;Lunch;pcs;2;5;10000;;true;2025-12-24 17:20:36.339587+00;2025-12-24 17:20:36.339587+00;
2425f706-db8f-42de-a1cd-73fc26188b41;VEGETABLE SOUP;Lunch;pcs;2;5;5000;;true;2025-12-24 17:20:21.438367+00;2025-12-24 17:20:21.438367+00;
f83ffc86-8315-4e3b-bf19-6c42cfa4862a;MOET NECTER IMPERIAL;WINE;pcs;2;5;180000;;true;2025-12-24 17:20:14.182702+00;2025-12-24 17:20:14.182702+00;
d72a751f-55eb-48fc-808b-e074bdc63724;PREDATOR;NON ALCOHOLIC;pcs;6;5;1000;;true;2025-12-24 17:20:17.246051+00;2025-12-24 17:20:17.246051+00;
e28627bc-4d52-4857-9d36-bebfc2fb2e92;SEMO;SWALLOW;pcs;45;5;500;;true;2025-12-24 17:20:33.72272+00;2025-12-24 17:20:33.72272+00;
00e854be-55cd-4220-87e6-20c496d5c670;FUFU;SWALLOW;pcs;12;5;500;;true;2025-12-24 17:20:34.178309+00;2025-12-24 17:20:34.178309+00;
648971d1-0374-4e46-ad26-a2cedbb9730c;33 BOTTLE REG;Beer;pcs;0;5;1700;;true;2025-12-24 17:20:22.022132+00;2025-12-24 17:20:22.022132+00;
9fff98a8-53d4-4955-b128-b5b7ba2e0b47;CHICKEN VEGETABLE;Lunch;pcs;0;5;3000;;true;2025-12-24 17:20:23.683871+00;2025-12-24 17:20:23.683871+00;
9641651c-2166-4ac8-aff5-777e4fe357c2;BOILED EGG;SIDES;pcs;0;5;500;;true;2025-12-24 17:20:24.221901+00;2025-12-24 17:20:24.221901+00;
f5aefb22-51b1-4022-8c17-d6114edf0560;BUFFET SERVICES 2K;BUFFET SERVICES;pcs;0;5;2000;;true;2025-12-24 17:20:25.109755+00;2025-12-24 17:20:25.109755+00;
59383097-a76d-46bb-8fa7-910c1347e623;GUINNESS MALTA BOTTLE;MALT;pcs;0;5;1200;;true;2025-12-24 17:20:34.718749+00;2025-12-24 17:20:34.718749+00;
94b7a2a6-d7d6-47f6-97df-728765d4f81a;ACTION BITTERS;Bitters;pcs;0;5;1500;;true;2025-12-24 17:20:35.259403+00;2025-12-24 17:20:35.259403+00;
8a6889fc-c309-4d07-a3d2-458116897462;Barbecue Catfish 9500;GRILLS;pcs;0;5;9500;;true;2025-12-24 17:20:35.768901+00;2025-12-24 17:20:35.768901+00;
ace5a0b1-01b0-43cd-8c44-04866dea643d;BARON DE RUBIS;RED WINE;pcs;0;5;8000;;true;2025-12-24 17:20:36.848453+00;2025-12-24 17:20:36.848453+00;
3b80233c-6b6c-49fc-91e9-4182a7ae7bd3;COCONUTRICE AND JOMBO WINGS;Lunch;pcs;0;5;5000;;true;2025-12-24 17:20:38.993831+00;2025-12-24 17:20:38.993831+00;
b40bbb4f-04fa-4107-9da2-148aea50f83e;BIG STOUT BOTTLE VIP;Beer;pcs;0;5;1800;;true;2025-12-24 17:20:40.080442+00;2025-12-24 17:20:40.080442+00;
400412b0-df37-4959-b296-8f3e3bb7e3cd;BIG LEGEND BOTTLE REGULAR;Beer;pcs;0;5;2000;;true;2025-12-24 17:20:40.595629+00;2025-12-24 17:20:40.595629+00;
df5b9c12-12ff-47bc-99e6-924ed2810328;EAGLE LAGER VIP;Beer;pcs;0;5;1500;;true;2025-12-24 17:20:41.125275+00;2025-12-24 17:20:41.125275+00;
53dcaecd-6dd8-4283-bdcc-76b6a59118d1;STAR BOTTLE VIP;Beer;pcs;0;5;1500;;true;2025-12-24 17:20:41.624084+00;2025-12-24 17:20:41.624084+00;
af9addb2-9150-403e-b2c7-501ce5adbb06;CAT FISH BARBEQUE 7,500;GRILLS;pcs;0;5;7500;;true;2025-12-24 17:20:53.858137+00;2025-12-24 17:20:53.858137+00;
6f521f81-1021-4e53-a71a-8b8c228e6eb4;ORIJIN BITTERS;Bitters;pcs;0;5;1800;;true;2025-12-24 17:20:54.575642+00;2025-12-24 17:20:54.575642+00;
24a256d3-6285-46ec-a5e3-e736c7fca6cf;Barbecue Catfish 9000;GRILLS;pcs;0;5;9000;;true;2025-12-24 17:20:55.121524+00;2025-12-24 17:20:55.121524+00;
d4540397-0eed-4b45-89c8-54797108fedd;Barbecue Catfish 10000;GRILLS;pcs;0;5;10000;;true;2025-12-24 17:20:55.226454+00;2025-12-24 17:20:55.226454+00;
02b005eb-761d-467e-9fbf-0cfba6b15a96;IMPERIAL BLUE SMALL;WHISKY;pcs;0;5;2500;;true;2025-12-24 17:20:55.784633+00;2025-12-24 17:20:55.784633+00;
a4b38d94-6b23-4538-afd0-c03d1f5d0697;SUNU KING;WHISKY;pcs;0;5;10000;;true;2025-12-24 17:20:56.314829+00;2025-12-24 17:20:56.314829+00;
ce4481ba-b1a4-45bb-9375-176b60919a2c;ANGEL RED WINE;RED WINE;pcs;0;5;10000;;true;2025-12-24 17:20:56.42219+00;2025-12-24 17:20:56.42219+00;
ea32fb56-10cc-4295-a055-564d4aabfa88;THE NINES;LIQUOR;pcs;0;5;15000;;true;2025-12-24 17:20:56.960426+00;2025-12-24 17:20:56.960426+00;
4119c69d-6671-4114-81f4-a00feebb1a58;TEA SUPERMAN/WOMAN;TEA;pcs;0;5;6000;;true;2025-12-24 17:20:57.621833+00;2025-12-24 17:20:57.621833+00;
ba53becc-61b2-4aca-a565-076d86fab6ec;FRIED RICE,TURKEY AND SALAD;Lunch;pcs;0;5;6000;;true;2025-12-24 17:20:14.839777+00;2025-12-24 17:20:14.839777+00;
44ba27ea-9935-403a-80a6-e100cbf55c5b;PINEAPPLE AND BEET;FRESH SQUEEZE JUICE;pcs;0;5;1500;;true;2025-12-24 17:20:15.3831+00;2025-12-24 17:20:15.3831+00;
4e9b036f-44bc-43be-a601-7925b0c8dca1;PLANTAIN PORRIDGE WITH CHICKEN;BREAKFAST;pcs;0;5;3000;;true;2025-12-24 17:20:15.930729+00;2025-12-24 17:20:15.930729+00;
2fda5837-09ac-492a-8361-67985989faa2;GINGER,BEET AND PINEAPPLE;FRESH MIXED JUICE;pcs;0;5;4000;;true;2025-12-24 17:20:16.494516+00;2025-12-24 17:20:16.494516+00;
dc33fa3c-d03d-4dc1-ab4d-64ce32fa4295;SANDWICH;BREAKFAST;pcs;0;5;500;;true;2025-12-24 17:20:17.810817+00;2025-12-24 17:20:17.810817+00;
b467d37e-59e0-4780-a860-8b43d7e67752;COCONUT RICE AND TILAPIA FISH;Lunch;pcs;0;5;3500;;true;2025-12-24 17:20:18.224276+00;2025-12-24 17:20:18.224276+00;
16c5b446-1137-4296-9d30-9f019a357bac;BASMATI FRIED RICE AND SNAIL WITH SALAD;Lunch;pcs;0;5;5000;;true;2025-12-24 17:20:18.744294+00;2025-12-24 17:20:18.744294+00;
30d32c89-aa2a-4917-8290-77f16c8e68bb;WHITE RICE AND CHICKEN WITH VEGETABLE SAUCE;DINNER;pcs;0;5;7000;;true;2025-12-24 17:20:19.405779+00;2025-12-24 17:20:19.405779+00;
f6ce4c6f-a519-4043-a29a-fcc422bfda6d;COCONUT RICE, TURKEY AND SALAD;DINNER;pcs;0;5;6000;;true;2025-12-24 17:20:20.022882+00;2025-12-24 17:20:20.022882+00;
ec5d50c7-7e85-4524-9746-00321fb09dd6;TWO PORTIONS OF SNAILS AND CHIPS;Lunch;pcs;0;5;3500;;true;2025-12-24 17:20:20.677312+00;2025-12-24 17:20:20.677312+00;
73a5c55e-eb27-4738-b274-2ee55cde6034;WHITE RICE AND BEEF STEW;Lunch;pcs;0;5;3500;;true;2025-12-24 17:20:21.327482+00;2025-12-24 17:20:21.327482+00;
43d58e6a-8ff6-424f-b3c9-3717fd6872da;LIFE BOTTLE REG;Beer;pcs;0;5;1700;;true;2025-12-24 17:20:21.909192+00;2025-12-24 17:20:21.909192+00;
2d407b11-1d97-4b54-af31-05dbc1aa58b4;TURKEY AND CHIPS;SIDES;pcs;0;5;5500;;true;2025-12-24 17:20:22.603709+00;2025-12-24 17:20:22.603709+00;
d8a07971-9b0a-4d46-b3b7-0e6abce829be;TEEM SODA;SOFT;pcs;0;5;500;;true;2025-12-24 17:20:23.135512+00;2025-12-24 17:20:23.135512+00;
6a2caee6-2a52-4cfb-a158-7a3826260da1;FOOD;Lunch;pcs;0;5;40000;;true;2025-12-24 17:20:23.576287+00;2025-12-24 17:20:23.576287+00;
5daaae10-2cff-4f75-94c1-9c1351b2ae1f;SHAWARMA CHICKEN JUMBO;GRILLS;pcs;0;5;4000;;true;2025-12-24 17:20:24.117973+00;2025-12-24 17:20:24.117973+00;
e289926f-6dfc-485e-a1ff-2c56cd8d8261;GREEN;Vegetable;pcs;0;5;1500;;true;2025-12-24 17:20:25.003763+00;2025-12-24 17:20:25.003763+00;
52dee23e-0f20-4601-bf92-87259c90920a;SMALL STOUT REG;DRINKS;pcs;0;5;900;;true;2025-12-24 17:20:34.607105+00;2025-12-24 17:20:34.607105+00;
04b9743a-472b-4287-baaf-52a29a46633a;MALTINA BOTTLE;MALT;pcs;1;5;500;;true;2025-12-24 17:20:22.135524+00;2025-12-24 17:20:22.135524+00;
d63d401d-411f-4bd7-99ed-97243f5f4954;SMALL SMIRNOFF ICE BOTTLE REG;Beer;pcs;2;5;1200;;true;2025-12-24 17:20:23.241054+00;2025-12-24 17:20:23.241054+00;
b627c56e-e694-4f8a-82aa-0a7d857caacd;TEEZERS;COCKTAIL DRINK;pcs;0;5;800;;true;2025-12-24 17:20:21.562516+00;2025-12-24 17:20:21.562516+00;
a86ac1c3-b6b3-4405-ac5c-9aa054214cdf;KETCHUP DESIGN;DESIGN;pcs;0;5;2000;;true;2025-12-24 17:20:22.704847+00;2025-12-24 17:20:22.704847+00;
7808d8d2-b2d3-461e-966a-17d165c257ab;MR. BEANS;DRINK;pcs;0;5;3300;;true;2025-12-24 17:20:23.805678+00;2025-12-24 17:20:23.805678+00;
87cfe4e1-3ab5-4bd4-bd86-b6f6abd44954;TILAPIAFISH BARBECUE 11K;GRILLS;pcs;0;5;11000;;true;2025-12-24 17:20:24.336363+00;2025-12-24 17:20:24.336363+00;
1e335dbd-abea-42d7-b6b1-1d151433fab6;TILAPIA FISH BARBEQUE 9k;GRILLS;pcs;0;5;9000;;true;2025-12-24 17:20:25.212172+00;2025-12-24 17:20:25.212172+00;
b3d388ce-139d-41d2-8692-69c8d7c9f5d6;INDOMIE AND 1 EGG;FOOD;pcs;0;5;3000;;true;2025-12-24 17:20:34.287174+00;2025-12-24 17:20:34.287174+00;
2c7e13e3-902f-43ce-874d-3f2d98d71bce;CATFISH 8K;GRILLS;pcs;0;5;8000;;true;2025-12-24 17:20:34.818051+00;2025-12-24 17:20:34.818051+00;
989f8443-9c50-4fd4-8914-a2b4311b3f73;TILAPIA FISH 8500;GRILLS;pcs;0;5;8500;;true;2025-12-24 17:20:35.358689+00;2025-12-24 17:20:35.358689+00;
d66aee9b-3c26-48f6-835b-dc5f291c74ba;Barbecue Catfish 10500;GRILLS;pcs;0;5;10500;;true;2025-12-24 17:20:35.895321+00;2025-12-24 17:20:35.895321+00;
83ead369-2527-4a36-ac2b-ac885e8cdd66;IMPERIAL BLUE BIG;WHISKY;pcs;0;5;9000;;true;2025-12-24 17:20:36.452725+00;2025-12-24 17:20:36.452725+00;
cfa6e17c-d6d5-481f-8f67-a4972d4fc783;Dâ€™ANGELUS ROSE;WINE;pcs;0;5;15000;;true;2025-12-24 17:20:36.950981+00;2025-12-24 17:20:36.950981+00;
e365099b-f3e7-4644-af68-a8dd76b02191;BASMATI RICE;Lunch;pcs;0;5;2000;;true;2025-12-24 17:20:37.485881+00;2025-12-24 17:20:37.485881+00;
6fae15ad-5f10-49e3-aac8-821c09aa93ac;FANTA PET;soft drink;pcs;0;5;500;;true;2025-12-24 17:20:38.020939+00;2025-12-24 17:20:38.020939+00;
195e6212-d163-4640-8f51-d473dd099f6b;RIUNITE;RED WINE;pcs;0;5;9000;;true;2025-12-24 17:20:38.56606+00;2025-12-24 17:20:38.56606+00;
4c016652-a0af-484f-8d91-0479eb05ee23;Barbecue Catfish 6,500;GRILLS;pcs;0;5;6500;;true;2025-12-24 17:20:35.567814+00;2025-12-24 17:20:35.567814+00;
0517babe-9c16-4ee8-b530-ae7bf9a68616;VINUT COCONUT MILK;COCKTAIL DRINK;pcs;0;5;2000;;true;2025-12-24 17:20:36.236248+00;2025-12-24 17:20:36.236248+00;
37680af9-e62d-440e-a534-b8a88242a23b;PEPPERED CHICKEN;Protein;pcs;0;5;5500;;true;2025-12-24 17:20:36.74458+00;2025-12-24 17:20:36.74458+00;
48995a4c-ae32-431f-bad3-cf0c36175812;FRIED RICE AND TURKEY;Lunch;pcs;0;5;4500;;true;2025-12-24 17:20:37.385995+00;2025-12-24 17:20:37.385995+00;
0f54c6cc-eb52-4324-8780-fec62aa2ffd3;SMIRNOFF PINEAPPLE BOTTLE;Beer;pcs;0;5;1200;;true;2025-12-24 17:20:37.898797+00;2025-12-24 17:20:37.898797+00;
0630e109-c36f-47e3-b4b4-c35f208d17b2;RIUNITE LAMBRUSCO;RED WINE;pcs;0;5;12000;;true;2025-12-24 17:20:38.462607+00;2025-12-24 17:20:38.462607+00;
12090afe-4782-4be4-9bed-bfb6100a7b8b;RED FEARLESS;ENERGY DRINK;pcs;0;5;1000;;true;2025-12-24 17:20:39.093503+00;2025-12-24 17:20:39.093503+00;
ae11a71e-9330-4500-8e2d-3dc7c09a9eab;HEINEKEN BOTTLE VIP;Beer;pcs;0;5;1500;;true;2025-12-24 17:20:39.657242+00;2025-12-24 17:20:39.657242+00;
e68dd860-2424-4573-90e5-92d94fd15115;BIG STOUT BOTTLE REGULAR;Beer;pcs;0;5;1500;;true;2025-12-24 17:20:40.189499+00;2025-12-24 17:20:40.189499+00;
7a9dd743-76cf-4e43-a229-9935734cce34;HERO BOTTLE REG;Beer;pcs;0;5;1500;;true;2025-12-24 17:20:40.701044+00;2025-12-24 17:20:40.701044+00;
be716ad3-16dd-48ae-8c28-2648821c6552;EAGLE LAGER REG;Beer;pcs;0;5;1000;;true;2025-12-24 17:20:41.226654+00;2025-12-24 17:20:41.226654+00;
f079e7e6-4214-4f94-be6c-ff18d04a1b0e;BIG CHICKEN AND CHIPS;FOOD;pcs;0;5;6000;;true;2025-12-24 17:20:57.950256+00;2025-12-24 17:20:57.950256+00;
82b21f30-c136-431f-b3ca-ecf5cdc80478;VVIP WATER;water;pcs;0;5;500;;true;2025-12-24 17:20:58.069577+00;2025-12-24 17:20:58.069577+00;
b5670581-079b-42e6-a825-2473c2c565fa;SYRAH RED WINE;RED WINE;pcs;0;5;8000;;true;2025-12-24 17:20:58.398851+00;2025-12-24 17:20:58.398851+00;
ea5d7302-d5f5-4d77-9af9-f154ead38e94;Cashew;MIXED FRUIT SMOOTHIES;pcs;0;5;1000;;true;2025-12-24 17:20:58.506092+00;2025-12-24 17:20:58.506092+00;
d797b250-9219-4ce0-af30-b4e1e8ddb9e5;TEA SPECIAL HALF;TEA;pcs;0;5;2500;;true;2025-12-24 17:20:58.965035+00;2025-12-24 17:20:58.965035+00;
43746561-423a-4b92-ada7-2c05573633d5;ZINFANDEL;WINE;pcs;0;5;10000;;true;2025-12-24 17:20:59.091058+00;2025-12-24 17:20:59.091058+00;
c05edd6c-211a-4f9d-858f-bf3c99f2148b;BITTERLEAF SOUP AND SNAIL;Lunch;pcs;5;5;4000;;true;2025-12-24 17:20:23.359676+00;2025-12-24 17:20:23.359676+00;
cc16ab18-ff54-46f1-99aa-29fd415cf9cf;OKRO SOUP WITH TURKEY;Lunch;pcs;9;5;3500;;true;2025-12-24 17:20:37.067052+00;2025-12-24 17:20:37.067052+00;
79c52985-71f6-47b7-ba4b-7d7a41bd2a7e;AFANG WITH SNAIL;FOOD;pcs;14;5;4500;;true;2025-12-24 17:20:25.313692+00;2025-12-24 17:20:25.313692+00;
0c158159-fe2e-4234-9aac-28fb83a59269;GORDONS CAN;GIN;pcs;2;5;2000;;true;2025-12-24 17:20:36.550141+00;2025-12-24 17:20:36.550141+00;
93858cbe-a26f-4e8d-852b-d0b6ef3f79f9;WHITE RICE;Lunch;pcs;23;5;2000;;true;2025-12-24 17:20:38.124519+00;2025-12-24 17:20:38.124519+00;
8e935587-dd92-4b4c-b3c3-200d89cce7ec;SMALL LEGEND VIP;Beer;pcs;0;5;1200;;true;2025-12-24 17:20:21.692794+00;2025-12-24 17:20:21.692794+00;
6f8fc7e8-6e0f-4708-9f98-db892a5ecaf4;FAYROUZ BOTTLE REG;SOFT;pcs;0;5;800;;true;2025-12-24 17:20:22.240366+00;2025-12-24 17:20:22.240366+00;
2ad1a541-988a-4636-950a-bb68df21aad9;TIGER BOTTLE VIP;DRINKS;pcs;0;5;1500;;true;2025-12-24 17:20:22.805401+00;2025-12-24 17:20:22.805401+00;
5876b74f-3a3d-4e11-94bc-dc8040968633;TILAPIA FISH 11k;GRILLS;pcs;0;5;11000;;true;2025-12-24 17:20:23.913085+00;2025-12-24 17:20:23.913085+00;
df181557-0243-48de-81e0-8b01dbbf37d1;BREAD;BREAD;pcs;0;5;1800;;true;2025-12-24 17:20:24.446135+00;2025-12-24 17:20:24.446135+00;
64218167-600e-4b17-845f-a171de52245e;BOILED PLANTAIN AND EGG SAUCE;Lunch;pcs;0;5;3000;;true;2025-12-24 17:20:34.401168+00;2025-12-24 17:20:34.401168+00;
065902b7-10eb-4323-ac21-d8762ead1743;1960 BITTERS SMALL;Bitters;pcs;0;5;1500;;true;2025-12-24 17:20:34.918529+00;2025-12-24 17:20:34.918529+00;
733c52ac-9220-4776-a729-ee365e98b5bc;KINGS CREAM;CREAM;pcs;0;5;2500;;true;2025-12-24 17:20:35.460436+00;2025-12-24 17:20:35.460436+00;
3b07fcd1-02d1-47c5-9b9c-a3172d352025;Barbecue Catfish 11,500;GRILLS;pcs;0;5;11500;;true;2025-12-24 17:20:36.040014+00;2025-12-24 17:20:36.040014+00;
3690af7d-f7cb-4456-bbaa-209bc014d8ad;FRIED RICE AND JUMBO CHICKEN;Lunch;pcs;0;5;4300;;true;2025-12-24 17:20:37.587615+00;2025-12-24 17:20:37.587615+00;
e6499ea4-9d8c-433b-8615-6261d0f4d9e0;ROTWILD;RED WINE;pcs;0;5;15000;;true;2025-12-24 17:20:38.674029+00;2025-12-24 17:20:38.674029+00;
4a26e6ca-44c9-4173-aafe-4ae9e484e75a;JACK  WILLAMS RED OCEAN;SPIRIT/WHISKY;pcs;0;5;10000;;true;2025-12-24 17:20:39.212698+00;2025-12-24 17:20:39.212698+00;
cc0840b9-91c5-4935-9422-be00872c60d9;HEINEKEN BOTTLE REGULAR;Beer;pcs;0;5;2200;;true;2025-12-24 17:20:39.761064+00;2025-12-24 17:20:39.761064+00;
f2787ce4-a116-4268-8386-e0508c366efb;DESPERADOS BOTTLE VIP;Beer;pcs;0;5;1500;;true;2025-12-24 17:20:40.290437+00;2025-12-24 17:20:40.290437+00;
9a4ffe57-0edf-493a-a1e6-91e7a0e38d30;HERO BOTTLE VIP;Beer;pcs;0;5;1200;;true;2025-12-24 17:20:40.806447+00;2025-12-24 17:20:40.806447+00;
073f87a6-566f-4186-b86b-ddbe7c891f70;TROPHY BOTTLE VIP;Beer;pcs;0;5;1500;;true;2025-12-24 17:20:41.327305+00;2025-12-24 17:20:41.327305+00;
3e2ba31b-5bc1-4932-a6c9-bc44689a5caa;APOTHIC;RED WINE;pcs;0;5;30000;;true;2025-12-24 17:20:47.467518+00;2025-12-24 17:20:47.467518+00;
9710a4c2-95c9-4d5e-89ce-ce6a7870cfe8;CAT FISH BARBEQUE;GRILLS;pcs;0;5;5000;;true;2025-12-24 17:20:47.990392+00;2025-12-24 17:20:47.990392+00;
bcbf7557-330b-4787-b71e-3d213b2a349c;TILAPIA FISH BARBEQUE 12,500;GRILLS;pcs;0;5;12500;;true;2025-12-24 17:20:48.513598+00;2025-12-24 17:20:48.513598+00;
0d939347-d08f-442d-abdc-3f96ad048604;TILAPIA FISH BARBEQUE 14,500;GRILLS;pcs;0;5;14500;;true;2025-12-24 17:20:49.066387+00;2025-12-24 17:20:49.066387+00;
91061a4c-8fda-474a-8598-f780e76445fc;BANGA SOUP AND CHICKEN;Lunch;pcs;2;5;6500;;true;2025-12-24 17:20:55.567142+00;2025-12-24 17:20:55.567142+00;
a24ac4f5-0abf-4fcb-aa9f-4e4f9c0792db;PEPPERED MEAT 1000;EXTRA;pcs;19;5;1000;;true;2025-12-24 17:20:52.075562+00;2025-12-24 17:20:52.075562+00;
6efa641f-e30c-45fb-8ca9-ae045a05d4cd;BETA MALT BOTTLE;;pcs;2;5;1000;;true;2025-12-24 17:20:51.814197+00;2025-12-24 17:20:51.814197+00;
bbccaa8c-c7f7-43f2-b5d6-779920c52d7b;BETA MALT CAN;MALT;pcs;2;5;1000;;true;2025-12-24 17:20:49.388665+00;2025-12-24 17:20:49.388665+00;
4eb4e741-ba75-4bb3-916e-9b1e690fe1e0;GORDONS WHITE BIG;;pcs;2;5;15000;;true;2025-12-24 17:20:56.368464+00;2025-12-24 17:20:56.368464+00;
2d9e30c3-ff4d-4299-91fa-ed23edc0e1c2;GORDONS MEDIUM;;pcs;2;5;5000;;true;2025-12-24 17:20:52.228584+00;2025-12-24 17:20:52.228584+00;
9b1ccb59-0458-4c67-9b63-cfb045ba03c7;VINUT GRAPE;;pcs;0;5;2000;;true;2025-12-24 17:20:49.687445+00;2025-12-24 17:20:49.687445+00;
944345da-9056-4bd1-8f88-0fb8334b187c;HEINEKEN 45CL;;pcs;0;5;1600;;true;2025-12-24 17:20:50.240438+00;2025-12-24 17:20:50.240438+00;
24c1ddd7-2c52-4ffe-967b-4263285c0b70;CATFISH 25K;;pcs;0;5;25000;;true;2025-12-24 17:20:50.558974+00;2025-12-24 17:20:50.558974+00;
156bcc50-13db-43c5-a6dd-d1efb0b13d98;JAGERMEISTER BIG;;pcs;0;5;28000;;true;2025-12-24 17:20:50.963625+00;2025-12-24 17:20:50.963625+00;
d1c01b0e-9c07-49a7-86e9-e2f35d32ab92;1960 BITTERS BIG;;pcs;0;5;5000;;true;2025-12-24 17:20:51.387009+00;2025-12-24 17:20:51.387009+00;
cf038801-b2de-4420-b90d-135e36fc10a0;POUNDO;;pcs;0;5;500;;true;2025-12-24 17:20:52.776662+00;2025-12-24 17:20:52.776662+00;
f39295af-7441-4b46-9bb4-4bde2586f10b;CAT FISH BARBEQUE 7,500;;pcs;0;5;7500;;true;2025-12-24 17:20:53.214217+00;2025-12-24 17:20:53.214217+00;
f82b9be9-6b4d-4c52-9bf1-d34899de6566;Fruit bread;;pcs;0;5;2000;;true;2025-12-24 17:20:53.639888+00;2025-12-24 17:20:53.639888+00;
db1b5b29-3d93-4cb5-bf4c-bcf000b37484;Barbecue Catfish 10000;;pcs;0;5;10000;;true;2025-12-24 17:20:54.499568+00;2025-12-24 17:20:54.499568+00;
841d5b54-c032-4eba-9cb5-ea1f4124ce0a;IMPERIAL BLUE SMALL;;pcs;0;5;2500;;true;2025-12-24 17:20:55.018503+00;2025-12-24 17:20:55.018503+00;
203ba884-07b2-488b-9a1f-11e4bd02d5d0;VINUT TANARIND;;pcs;0;5;2000;;true;2025-12-24 17:20:55.432777+00;2025-12-24 17:20:55.432777+00;
bf566094-3f55-4141-a9da-320e50426161;LEON DEL SOL;;pcs;0;5;25000;;true;2025-12-24 17:20:55.947023+00;2025-12-24 17:20:55.947023+00;
b2e91480-1838-4a3c-add2-23556dc8cba2;OREANDA;;pcs;0;5;10000;;true;2025-12-24 17:20:56.873818+00;2025-12-24 17:20:56.873818+00;
5415e294-4852-4992-8675-5499b671f7f5;Snooker coin 1500;;pcs;0;5;1500;;true;2025-12-24 17:20:57.272538+00;2025-12-24 17:20:57.272538+00;
29b25592-3a82-4a21-a7e1-289cad134fee;WATERMELON,PINEAPPLE & BEETROOT;;pcs;0;5;4000;;true;2025-12-24 17:20:57.797941+00;2025-12-24 17:20:57.797941+00;
85bd0a8b-726f-4638-bb50-549a7c248447;TILAPIA FISH BERBECUE 13K;GRILLS;pcs;0;5;13000;;true;2025-12-24 17:20:49.267026+00;2025-12-24 17:20:49.267026+00;
1d041b46-d845-4bf6-9f1a-547ba0cdea23;CAPRISUN 200ml;JUICE;pcs;0;5;500;;true;2025-12-24 17:20:50.100143+00;2025-12-24 17:20:50.100143+00;
67e1a1ba-d07f-44f3-a45e-001af82a9daa;MARTEL VSOP;WHISKY;pcs;0;5;125000;;true;2025-12-24 17:20:51.248908+00;2025-12-24 17:20:51.248908+00;
78c3dc7e-8a3e-4c38-b18c-1f084f7d8f4c;Origin beer bottle;Beer;pcs;0;5;1600;;true;2025-12-24 17:20:52.632008+00;2025-12-24 17:20:52.632008+00;
0c894d3e-3123-4c8a-83cb-e25e2d904679;POUNDO;SWALLOW;pcs;0;5;500;;true;2025-12-24 17:20:53.378195+00;2025-12-24 17:20:53.378195+00;
790c5094-e932-4d2b-90c9-85b16ff32e43;Grilled Catfish;Protein;pcs;0;5;3000;;true;2025-12-24 17:20:53.497749+00;2025-12-24 17:20:53.497749+00;
0c6ebd83-1a7c-45e7-ac83-f892cb540205;Fruit bread;BREAD;pcs;0;5;2000;;true;2025-12-24 17:20:54.345883+00;2025-12-24 17:20:54.345883+00;
0a3ff8de-2248-4cff-83bc-2b8356e098a5;GOAT MEAT STEW;Lunch;pcs;0;5;5000;;true;2025-12-24 17:20:54.905008+00;2025-12-24 17:20:54.905008+00;
b1162968-4dc2-45cf-beca-aff27c1b3cc5;FLIRT VODKA;VODKA;pcs;0;5;12000;;true;2025-12-24 17:20:56.095929+00;2025-12-24 17:20:56.095929+00;
91a8e181-5cb4-4fda-a1c1-53d37aa46b76;LEON DEL SOL;RED WINE;pcs;0;5;25000;;true;2025-12-24 17:20:56.739707+00;2025-12-24 17:20:56.739707+00;
ee459063-718a-45d7-aab6-05fb5a52fcae;BALLANTINES;WHISKY;pcs;0;5;25000;;true;2025-12-24 17:20:57.400305+00;2025-12-24 17:20:57.400305+00;
e7076acb-4d3d-4532-95c7-032cc77b0c61;BANGA SOUP AND CHICKEN;;pcs;2;5;6500;;true;2025-12-24 17:20:54.805781+00;2025-12-24 17:20:54.805781+00;
55b5ec3d-66e7-422f-9a88-9fbb18d8645a;SMIRNOFF VODKA MINI;VODKA;pcs;3;5;2500;;true;2025-12-24 17:20:58.620131+00;2025-12-24 17:20:58.620131+00;
f25cc76f-3202-410d-8d14-8edb92efc114;GORDONS WHITE BIG;GIN;pcs;2;5;15000;;true;2025-12-24 17:20:57.181421+00;2025-12-24 17:20:57.181421+00;
862d8b2c-2150-4ec3-8d91-ad9959abe688;TILAPIA FISH BERBECUE 13K;;pcs;0;5;13000;;true;2025-12-24 17:20:49.17263+00;2025-12-24 17:20:49.17263+00;
fcf39b73-fcca-4eec-8b79-39a6931be89a;MONSTER WHITE;;pcs;0;5;2000;;true;2025-12-24 17:20:49.585974+00;2025-12-24 17:20:49.585974+00;
d2bd6ad0-f213-4d12-8b14-249da21a53a0;ROASTED PLANTAIN AND GOAT MEAT SAUCE;GRILLS;pcs;5;5;3500;;true;2025-12-24 17:20:48.107402+00;2025-12-24 17:20:48.107402+00;
61f389c8-0271-48cf-8a72-c28de4189f88;SMOKED FISH;;pcs;0;5;1500;;true;2025-12-24 17:20:50.036395+00;2025-12-24 17:20:50.036395+00;
370b0f84-93b6-4d07-a560-5e2db97e01e3;THE OBSERVATORY;;pcs;0;5;60000;;true;2025-12-24 17:20:51.165925+00;2025-12-24 17:20:51.165925+00;
d2047525-4066-42ba-8dc9-6575fa228848;FRIED EGG AND PAP;;pcs;0;5;2500;;true;2025-12-24 17:20:52.011167+00;2025-12-24 17:20:52.011167+00;
ae19a468-188b-42f3-bcb6-6399db14e417;EXTRA MEAT;;pcs;0;5;1000;;true;2025-12-24 17:20:52.545745+00;2025-12-24 17:20:52.545745+00;
5fa1f13d-4113-4aa3-b834-b34ef9d40b07;Barbecue Catfish;;pcs;0;5;7000;;true;2025-12-24 17:20:53.435172+00;2025-12-24 17:20:53.435172+00;
a25b744d-90d9-4d43-bbef-d523ca58febb;ORIJIN BITTERS;;pcs;0;5;1800;;true;2025-12-24 17:20:53.849642+00;2025-12-24 17:20:53.849642+00;
be431a38-2578-4fe7-95c5-30f776c0539c;Barbecue Catfish 7,500;;pcs;0;5;7500;;true;2025-12-24 17:20:54.273665+00;2025-12-24 17:20:54.273665+00;
8158cd2e-c312-4516-b4c6-03d0b39c5626;BACARDI GOLD;;pcs;0;5;25000;;true;2025-12-24 17:20:55.221951+00;2025-12-24 17:20:55.221951+00;
eeb90433-49b4-4ef5-8ea2-bdc3c34a9322;VVIP  CHARGE;;pcs;0;5;500;;true;2025-12-24 17:20:55.738817+00;2025-12-24 17:20:55.738817+00;
82acc5c9-9095-4970-a727-797be3550b60;ASSORTED PEPPER SOUP;;pcs;0;5;2000;;true;2025-12-24 17:20:56.270655+00;2025-12-24 17:20:56.270655+00;
983fc68e-f08b-47eb-8ebc-d07e68ac3f4c;TEA SPECIAL;;pcs;0;5;5000;;true;2025-12-24 17:20:56.670859+00;2025-12-24 17:20:56.670859+00;
09c5ccae-f109-4aea-97fa-6936938134a9;Cashew;;pcs;0;5;1000;;true;2025-12-24 17:20:57.579455+00;2025-12-24 17:20:57.579455+00;
5ee38afb-6a56-4060-883b-cb078452e9fc;SCARLET;RED WINE;pcs;0;5;15000;;true;2025-12-24 17:20:47.569242+00;2025-12-24 17:20:47.569242+00;
0ceafefd-5707-4a5a-b526-914461375989;CHICKEN BERBECUE;GRILLS;pcs;0;5;4000;;true;2025-12-24 17:20:48.611329+00;2025-12-24 17:20:48.611329+00;
708bf98e-d8b9-40fd-8e86-3e384528bed8;VINUT GRAPE;DRINKS;pcs;0;5;2000;;true;2025-12-24 17:20:49.881186+00;2025-12-24 17:20:49.881186+00;
7d0442f6-f5fc-4860-85ea-fed5cfc59cbb;CATFISH 20K;Barbecue;pcs;0;5;20000;;true;2025-12-24 17:20:50.757057+00;2025-12-24 17:20:50.757057+00;
366341ae-0a91-4140-a5bb-4a3910835119;CATFISH 25K;Barbecue;pcs;0;5;25000;;true;2025-12-24 17:20:50.880141+00;2025-12-24 17:20:50.880141+00;
c1c420e7-0711-4ac3-90f2-8aa6d874846c;THE OBSERVATORY;WHISKY;pcs;0;5;60000;;true;2025-12-24 17:20:51.596029+00;2025-12-24 17:20:51.596029+00;
6ae0bff9-bafe-4656-bf16-f1a285de627e;VEGETABLE SAUCE;Vegetable;pcs;0;5;2000;;true;2025-12-24 17:20:51.715681+00;2025-12-24 17:20:51.715681+00;
5b70017a-4b4b-45f7-a20f-f978fc8d19e6;MOI-MOI;SIDES;pcs;0;5;500;;true;2025-12-24 17:20:52.404083+00;2025-12-24 17:20:52.404083+00;
b799d829-c980-4860-b35e-42d953acbf92;PALMY COLA;DRINKS;pcs;0;5;1200;;true;2025-12-24 17:20:52.995274+00;2025-12-24 17:20:52.995274+00;
5e2fe8da-79b2-4b91-9fd3-425babaa2128;EXTRA MEAT;FOOD;pcs;0;5;1000;;true;2025-12-24 17:20:53.123072+00;2025-12-24 17:20:53.123072+00;
9b2885db-cf01-4adb-b479-3ed734638c7d;CAT FISH 7K;GRILLS;pcs;0;5;7000;;true;2025-12-24 17:20:53.971085+00;2025-12-24 17:20:53.971085+00;
9e0f2197-202b-4c77-ae24-ba2a214f8bbe;Barbecue Catfish;Barbecue;pcs;0;5;7000;;true;2025-12-24 17:20:54.117655+00;2025-12-24 17:20:54.117655+00;
aa35e1e4-b0d6-4a64-997c-11af01b42734;GOLDBERG BOTTLE;Beer;pcs;0;5;1500;;true;2025-12-24 17:20:54.682006+00;2025-12-24 17:20:54.682006+00;
e1303542-4651-4b0c-bda8-0a7e38bbae14;Barbecue Catfish 11000;GRILLS;pcs;0;5;11000;;true;2025-12-24 17:20:55.337391+00;2025-12-24 17:20:55.337391+00;
54af26a7-84f4-4bb1-8d2a-d34e645e2b8b;DON ROYAL;GIN;pcs;0;5;10000;;true;2025-12-24 17:20:55.890092+00;2025-12-24 17:20:55.890092+00;
1b162cd9-f38f-4b97-974a-2b680e3e9d4d;VVIP  CHARGE;EXTRA CHARGE;pcs;0;5;500;;true;2025-12-24 17:20:56.532704+00;2025-12-24 17:20:56.532704+00;
ef6266dd-961d-486d-8961-45e2d60794ff;ASSORTED PEPPER SOUP;Protein;pcs;0;5;2000;;true;2025-12-24 17:20:57.072299+00;2025-12-24 17:20:57.072299+00;
f7c54f50-0aef-404a-a157-146598891165;OREANDA;WINE;pcs;0;5;10000;;true;2025-12-24 17:20:57.730182+00;2025-12-24 17:20:57.730182+00;
39ceff55-80fc-4000-b585-989b61e9315f;BANGA SOUP AND GOAT MEAT;Lunch;pcs;2;5;4000;;true;2025-12-24 17:20:55.680201+00;2025-12-24 17:20:55.680201+00;
10d86181-6bc3-4bc8-8519-c98e57cfd101;MALTA GUINNESS CAN;;pcs;2;5;1200;;true;2025-12-24 17:20:49.381657+00;2025-12-24 17:20:49.381657+00;
6c4ceabd-89f0-4db2-94a8-7e2b335b6978;MALTA GUINNESS CAN;MALT;pcs;2;5;1200;;true;2025-12-24 17:20:49.498029+00;2025-12-24 17:20:49.498029+00;
eda0bec0-3409-48ab-9573-4d006ea2dc07;GORDONS MEDIUM;GIN;pcs;2;5;5000;;true;2025-12-24 17:20:52.761905+00;2025-12-24 17:20:52.761905+00;
50eedce0-136e-4b23-a35f-9dc8e97d5e2d;VINUT GREEN VEGETABLE;;pcs;0;5;2000;;true;2025-12-24 17:20:49.796929+00;2025-12-24 17:20:49.796929+00;
8944924c-440c-4d63-a6c9-64246d511375;KUEMERELING BIG;;pcs;0;5;15000;;true;2025-12-24 17:20:50.661214+00;2025-12-24 17:20:50.661214+00;
8f6bba45-5e64-458c-9a0c-d6d13c85da59;FELIZA RED;;pcs;0;5;10000;;true;2025-12-24 17:20:51.503374+00;2025-12-24 17:20:51.503374+00;
92238cdb-eda5-41b3-b2e2-d57b2aa5f6f6;MOI-MOI;;pcs;0;5;500;;true;2025-12-24 17:20:51.912006+00;2025-12-24 17:20:51.912006+00;
f5d43406-60c5-4099-91f9-fa756db5759d;MONSTER GREEN;;pcs;0;5;2000;;true;2025-12-24 17:20:52.33029+00;2025-12-24 17:20:52.33029+00;
a1e0f9c9-f7c3-4b7d-8011-4b9583160249;Grilled Catfish;;pcs;0;5;3000;;true;2025-12-24 17:20:52.904848+00;2025-12-24 17:20:52.904848+00;
cd1cda87-7d43-4ef6-b5bb-aa130e80c3ce;CAT FISH 7K;;pcs;0;5;7000;;true;2025-12-24 17:20:53.312648+00;2025-12-24 17:20:53.312648+00;
275ee728-35fb-4c27-99fb-2ea8c3414c2a;TILAPIAFISH BARBECUE 7500;;pcs;0;5;7500;;true;2025-12-24 17:20:53.744822+00;2025-12-24 17:20:53.744822+00;
faee1099-5cb1-4591-bf34-54542b3e2e96;CAT FISH BARBEQUE 8,500;;pcs;0;5;8500;;true;2025-12-24 17:20:54.053536+00;2025-12-24 17:20:54.053536+00;
7a8f7bef-a3a8-4ab8-af45-15aafd463284;Barbecue Catfish 11000;;pcs;0;5;11000;;true;2025-12-24 17:20:54.603968+00;2025-12-24 17:20:54.603968+00;
b159284f-7324-49a1-9273-1867bfa50bb7;DON ROYAL;;pcs;0;5;10000;;true;2025-12-24 17:20:55.121962+00;2025-12-24 17:20:55.121962+00;
405d6511-c82d-4906-8b7a-59987cb6b0c3;SUNU KING;;pcs;0;5;10000;;true;2025-12-24 17:20:55.530788+00;2025-12-24 17:20:55.530788+00;
0b4dd6a0-4e11-4419-aa30-d2fad1b0b109;CACHITO TEQUILA;;pcs;0;5;20000;;true;2025-12-24 17:20:56.065614+00;2025-12-24 17:20:56.065614+00;
67cb5ea4-c489-4b54-b965-4765c049965a;V-JOY;;pcs;0;5;3600;;true;2025-12-24 17:20:56.468865+00;2025-12-24 17:20:56.468865+00;
6953e626-9770-4fe7-ac35-7877f4dd68b9;MAPU;;pcs;0;5;12000;;true;2025-12-24 17:20:56.976424+00;2025-12-24 17:20:56.976424+00;
cfb1a7fa-74da-422b-998a-349a330caa37;PURE JOY SOURSOP;;pcs;0;5;2000;;true;2025-12-24 17:20:57.372708+00;2025-12-24 17:20:57.372708+00;
51f8870f-4ea1-411f-89b1-c229c70df713;TEA GOODY GOODY;;pcs;0;5;4000;;true;2025-12-24 17:20:57.899828+00;2025-12-24 17:20:57.899828+00;
7ff7cb1c-bc4f-4837-9ab7-0e2ef4a5b03a;THE MACALLAN 12YRS;WHISKY;pcs;0;5;130000;;true;2025-12-24 17:20:47.670896+00;2025-12-24 17:20:47.670896+00;
7e65a7df-6369-4f48-81e7-f4e9f679aae3;BEEHIVE;BRANDY;pcs;0;5;28000;;true;2025-12-24 17:20:48.206078+00;2025-12-24 17:20:48.206078+00;
5d87541a-82d4-42ba-92a6-28884f251855;SHAWARMA CHICKEN;GRILLS;pcs;0;5;3000;;true;2025-12-24 17:20:48.726225+00;2025-12-24 17:20:48.726225+00;
bcf6c92b-f422-46ad-8da7-d7a6f6553938;2by2;Bitters;pcs;0;5;1000;;true;2025-12-24 17:20:49.642206+00;2025-12-24 17:20:49.642206+00;
8fb8b7bf-b95f-40e4-9b96-33115722f668;SMOKED FISH;GRILLS;pcs;0;5;1500;;true;2025-12-24 17:20:50.211621+00;2025-12-24 17:20:50.211621+00;
43d70bac-4db6-4de8-b484-914ac8788246;3D  SPIRIT;spirit;pcs;0;5;1000;;true;2025-12-24 17:20:50.343521+00;2025-12-24 17:20:50.343521+00;
b301166c-02ab-4f7d-a310-7272db7d1ad7;HEINEKEN 45CL;Beer;pcs;0;5;1600;;true;2025-12-24 17:20:50.508673+00;2025-12-24 17:20:50.508673+00;
6ff9fdb0-4b26-47a2-8ee8-1c7817155da4;JAGERMEISTER BIG;Bitters;pcs;0;5;28000;;true;2025-12-24 17:20:51.361144+00;2025-12-24 17:20:51.361144+00;
93e614f2-5d6e-4489-9dac-d9f9eadc0419;TROPHY BEER BOTTLE;Beer;pcs;0;5;1500;;true;2025-12-24 17:20:52.188888+00;2025-12-24 17:20:52.188888+00;
51e26797-5702-44fa-b719-8ad4cd31e3b6;Ivory Cream;LIQUOR;pcs;0;5;2500;;true;2025-12-24 17:20:53.618431+00;2025-12-24 17:20:53.618431+00;
e8ef7a17-1050-46b2-964a-69e255c3f301;TILAPIAFISH BARBECUE 7500;GRILLS;pcs;0;5;7500;;true;2025-12-24 17:20:54.470161+00;2025-12-24 17:20:54.470161+00;
e6dbfd94-a677-4117-b14a-96f31e214832;Barbecue Catfish 7,500;GRILLS;pcs;0;5;7500;;true;2025-12-24 17:20:55.008613+00;2025-12-24 17:20:55.008613+00;
75b2eeee-6e55-47ca-aa63-5e7aacca4307;VINUT TANARIND;DRINKS;pcs;0;5;2000;;true;2025-12-24 17:20:56.202479+00;2025-12-24 17:20:56.202479+00;
016dd8c2-4d25-4048-b6a8-0f4d5494cc66;CACHITO TEQUILA;TEQUILA;pcs;0;5;20000;;true;2025-12-24 17:20:56.846228+00;2025-12-24 17:20:56.846228+00;
6568c688-4d02-417c-b3ea-7b1aa6ab99eb;TEA SPECIAL;TEA;pcs;0;5;5000;;true;2025-12-24 17:20:57.511003+00;2025-12-24 17:20:57.511003+00;
cc490acd-3545-447e-9be0-e646d4963a23;Snooker coin 1500;LOUNGE GAMES;pcs;0;5;1500;;true;2025-12-24 17:20:58.180031+00;2025-12-24 17:20:58.180031+00;
a6f249cf-dc4f-44ce-9dc3-2f341ca40911;WATERMELON,PINEAPPLE & BEETROOT;FRESH MIXED JUICE;pcs;0;5;4000;;true;2025-12-24 17:20:58.744522+00;2025-12-24 17:20:58.744522+00;
28c1a984-02d4-430c-b66f-f76f68ce3658;BANGA SOUP AND GOAT MEAT;;pcs;2;5;4000;;true;2025-12-24 17:20:54.91337+00;2025-12-24 17:20:54.91337+00;
e466b2f0-2db4-4f24-9277-08a1754d911a;Peak yoghurt;;pcs;2;5;2500;;true;2025-12-24 17:20:55.847348+00;2025-12-24 17:20:55.847348+00;
b5ddc034-ca33-47d0-9096-bffb01e61a7a;Peak yoghurt;YOGHURT;pcs;2;5;2500;;true;2025-12-24 17:20:56.639214+00;2025-12-24 17:20:56.639214+00;
cd9d2873-c5f8-4dda-88aa-eb0ffb1809e3;BETA MALT CAN;;pcs;2;5;1000;;true;2025-12-24 17:20:49.276474+00;2025-12-24 17:20:49.276474+00;
5bce3f33-0aed-4777-ab11-949f9a58e11d;3D  SPIRIT;;pcs;0;5;1000;;true;2025-12-24 17:20:50.141457+00;2025-12-24 17:20:50.141457+00;
5b7beb4e-8c9e-40b3-bfa7-a53ece874e47;CATFISH 20K;;pcs;0;5;20000;;true;2025-12-24 17:20:50.4385+00;2025-12-24 17:20:50.4385+00;
a9aa0e31-f575-4a4a-9a17-c25fffd7d93b;MARTEL VSOP;;pcs;0;5;125000;;true;2025-12-24 17:20:50.859851+00;2025-12-24 17:20:50.859851+00;
ce75bccb-0881-4a32-9507-4a1fe90a41d0;SMIRNOFF VODKA MINI;;pcs;3;5;2500;;true;2025-12-24 17:20:57.680242+00;2025-12-24 17:20:57.680242+00;
72730a95-e167-4178-b97f-ea779d5806dc;TEELING  WHISKEY SINGLE MALT;WHISKY;pcs;1;5;90000;;true;2025-12-24 17:20:47.780979+00;2025-12-24 17:20:47.780979+00;
8b8fa845-ca0b-434e-82bf-8f1accc1084b;VEGETABLE SAUCE;;pcs;0;5;2000;;true;2025-12-24 17:20:51.283017+00;2025-12-24 17:20:51.283017+00;
34fcd94b-9fbc-4659-971a-04d0ab443d2a;TROPHY BEER BOTTLE;;pcs;0;5;1500;;true;2025-12-24 17:20:51.703706+00;2025-12-24 17:20:51.703706+00;
eb7ddf89-4035-4afc-a9af-e44c200ab7d7;EBA;;pcs;18;5;500;;true;2025-12-24 17:20:52.656562+00;2025-12-24 17:20:52.656562+00;
5d6736eb-e7ef-4ac8-8b52-217a8bd3e080;EBA;SWALLOW;pcs;18;5;500;;true;2025-12-24 17:20:53.24874+00;2025-12-24 17:20:53.24874+00;
d897b340-53bc-43a0-8fc0-c8843ebc91fd;Origin beer bottle;;pcs;0;5;1600;;true;2025-12-24 17:20:52.117289+00;2025-12-24 17:20:52.117289+00;
1dbbdfb7-42aa-4998-b2c3-ff658ae49e3e;WILLIAM LAWSON;;pcs;0;5;25000;;true;2025-12-24 17:20:53.107932+00;2025-12-24 17:20:53.107932+00;
25bd6ec2-2334-4a74-90be-1c75dc961b34;INDOMIE AND 2 EGGS;;pcs;0;5;4000;;true;2025-12-24 17:20:53.53677+00;2025-12-24 17:20:53.53677+00;
1bb96508-b8e7-4829-a516-6aed1b5ca2a3;GOLDBERG BOTTLE;;pcs;0;5;1500;;true;2025-12-24 17:20:53.954141+00;2025-12-24 17:20:53.954141+00;
62269263-49ed-4c30-ad5f-91513346434e;Barbecue Catfish 9000;;pcs;0;5;9000;;true;2025-12-24 17:20:54.387134+00;2025-12-24 17:20:54.387134+00;
f0ff9df1-6917-4d71-987d-211a0f84b148;FLIRT VODKA;;pcs;0;5;12000;;true;2025-12-24 17:20:55.323155+00;2025-12-24 17:20:55.323155+00;
692a1986-3126-4c75-913d-120655619430;TEA SUPERMAN/WOMAN;;pcs;0;5;6000;;true;2025-12-24 17:20:56.774498+00;2025-12-24 17:20:56.774498+00;
ac379fe5-fca0-45b3-a8e4-704a27685616;VVIP WATER;;pcs;0;5;500;;true;2025-12-24 17:20:57.170939+00;2025-12-24 17:20:57.170939+00;
cfa93a64-1d1e-45ab-a21a-b6f605009938;ZINFANDEL;;pcs;0;5;10000;;true;2025-12-24 17:20:58.116756+00;2025-12-24 17:20:58.116756+00;
f201b5ce-a3d8-4a0c-abb8-72443d593753;GUINNESS SMOOTH BOTTLE;Beer;pcs;0;5;1800;;true;2025-12-24 17:20:48.306034+00;2025-12-24 17:20:48.306034+00;
859b41fe-8241-4e9c-9318-afc90bb26317;TILAPIAFISH BARBECUE 10,500;GRILLS;pcs;0;5;10500;;true;2025-12-24 17:20:48.843707+00;2025-12-24 17:20:48.843707+00;
93e1f1c8-dedd-4ddb-93de-7952694ee322;VINUT GREEN VEGETABLE;WINE;pcs;0;5;2000;;true;2025-12-24 17:20:49.989456+00;2025-12-24 17:20:49.989456+00;
6708b8c4-5d65-4425-b865-bb00feb3d3ab;KUEMERELING BIG;LIQUOR;pcs;0;5;15000;;true;2025-12-24 17:20:50.999534+00;2025-12-24 17:20:50.999534+00;
b048a8b8-84c5-4782-8784-6d001556f86c;FRUIT JUICE;FRESH MIXED JUICE;pcs;0;5;5000;;true;2025-12-24 17:20:51.11852+00;2025-12-24 17:20:51.11852+00;
5aae241c-26f7-4eaf-8fd1-d543bc300165;1960 BITTERS BIG;Bitters;pcs;0;5;5000;;true;2025-12-24 17:20:51.833401+00;2025-12-24 17:20:51.833401+00;
a371c40f-98b1-4b77-bdcb-5f4b78b8d622;FELIZA RED;WINE;pcs;0;5;10000;;true;2025-12-24 17:20:51.965736+00;2025-12-24 17:20:51.965736+00;
bb8f9721-63e4-4789-9301-4780c1b37a10;FRIED EGG AND PAP;BREAKFAST;pcs;0;5;2500;;true;2025-12-24 17:20:52.514486+00;2025-12-24 17:20:52.514486+00;
ce6586b2-8641-43b4-ac66-7ef9055b4763;INDOMIE AND 2 EGGS;FOOD;pcs;0;5;4000;;true;2025-12-24 17:20:54.234196+00;2025-12-24 17:20:54.234196+00;
f24e6f54-9893-48a2-a749-df8e7b2a131a;CAT FISH BARBEQUE 8,500;GRILLS;pcs;0;5;8500;;true;2025-12-24 17:20:54.785951+00;2025-12-24 17:20:54.785951+00;
0d449349-8465-420d-97e3-f74862af69a8;MARTINELLIS SPARKLING CIDAR;CHAMPAGNE;pcs;0;5;16000;;true;2025-12-24 17:20:55.439823+00;2025-12-24 17:20:55.439823+00;
ef46ba22-fcd5-408d-9e39-328fa3f57265;BACARDI GOLD;RUM;pcs;0;5;25000;;true;2025-12-24 17:20:55.995498+00;2025-12-24 17:20:55.995498+00;
f8ef6fe4-f58a-4f1a-864d-7bd6797d1cdd;V-JOY;YOGHURT;pcs;0;5;3600;;true;2025-12-24 17:20:57.2972+00;2025-12-24 17:20:57.2972+00;
5c6cdee8-3d63-4801-ba8c-8a8f1d9432f4;MAPU;WINE;pcs;0;5;12000;;true;2025-12-24 17:20:57.841974+00;2025-12-24 17:20:57.841974+00;
d6dfec36-6c66-465d-9dd2-92387525cb44;PURE JOY SOURSOP;DRINK;pcs;0;5;2000;;true;2025-12-24 17:20:58.291887+00;2025-12-24 17:20:58.291887+00;
9dec9737-5b0a-48bd-9567-a032974b981d;TEA GOODY GOODY;TEA;pcs;0;5;4000;;true;2025-12-24 17:20:58.85579+00;2025-12-24 17:20:58.85579+00;
5d89741c-dfbc-48ce-bca2-75d52a6fc73a;WHITE RICE AND GOATMEAT STEW WITH PLANTAIN;Lunch;pcs;0;5;5000;;true;2025-12-24 17:20:14.505512+00;2025-12-24 17:20:14.505512+00;
f36fac9d-3496-4616-8c99-44bf30f1da63;WATERMELON AND BEET;FRESH MIXED JUICE;pcs;0;5;2500;;true;2025-12-24 17:20:14.610467+00;2025-12-24 17:20:14.610467+00;
0b71ffea-3fbf-433a-9739-b9ce954db15a;TURKEY AND SALAD;Lunch;pcs;0;5;3000;;true;2025-12-24 17:20:14.948254+00;2025-12-24 17:20:14.948254+00;
77b59c52-ca07-4b70-84a2-2cb0e68c7331;TILAPIA FISH BARBECUE;GRILLS;pcs;0;5;8000;;true;2025-12-24 17:20:15.059611+00;2025-12-24 17:20:15.059611+00;
0ba8178e-f5fa-4dff-b3d7-af2d1ff8a658;CHICKEN AND CHIPS;Lunch;pcs;0;5;7500;;true;2025-12-24 17:20:15.168101+00;2025-12-24 17:20:15.168101+00;
3060f4f9-f635-4ebf-b3d1-a95428531503;EGUSI WITH CHICKEN;DINNER;pcs;0;5;7500;;true;2025-12-24 17:20:15.271245+00;2025-12-24 17:20:15.271245+00;
1cd110e1-f887-4bbc-a92c-9f40903f21f4;FISHPEPPERSOUP AND YAM;Lunch;pcs;0;5;3500;;true;2025-12-24 17:20:15.706584+00;2025-12-24 17:20:15.706584+00;
f0c84653-9064-4bb3-ab6e-3864541e2510;CHICKEN PEPPERSOUP AND YAM;Lunch;pcs;0;5;6000;;true;2025-12-24 17:20:15.824894+00;2025-12-24 17:20:15.824894+00;
e67a6e4b-29a2-4663-9c97-395d60425a1d;YOLLOF RICE, TURKEY WITH SALAD;Lunch;pcs;0;5;3800;;true;2025-12-24 17:20:16.052847+00;2025-12-24 17:20:16.052847+00;
858d5b84-b9bb-4d3a-80d8-27401ed0f078;WATERMELON,CARROT AND PINEAPPLE;FRESH SQUEEZE JUICE;pcs;0;5;1500;;true;2025-12-24 17:20:16.154467+00;2025-12-24 17:20:16.154467+00;
b8663be3-0f76-4fa3-b590-44a28189a542;BEANS AND FRIED PLANTAIN WITH FISH;Lunch;pcs;0;5;3500;;true;2025-12-24 17:20:16.284759+00;2025-12-24 17:20:16.284759+00;
1083c067-2ef3-4b0a-8143-c420ac9fb96b;BOLE;Lunch;pcs;0;5;2500;;true;2025-12-24 17:20:16.387915+00;2025-12-24 17:20:16.387915+00;
23598209-15a1-4c83-9beb-1cb97d48e0cf;TILAPIA FISH PEPPERSOUP;Lunch;pcs;0;5;2000;;true;2025-12-24 17:20:16.707122+00;2025-12-24 17:20:16.707122+00;
4f88b520-f28d-494b-969c-dd450975ef12;FRESHFISH PEPPERSOUP;Lunch;pcs;0;5;2000;;true;2025-12-24 17:20:16.811392+00;2025-12-24 17:20:16.811392+00;
3a54ca6e-a2d0-4bf4-89a9-10090bdde17f;ABACHA AND FISH;LOUNGE SPECIAL;pcs;0;5;3500;;true;2025-12-24 17:20:16.934448+00;2025-12-24 17:20:16.934448+00;
a24567e3-7d03-49b0-a3a4-f93d730b6677;INDOMIE;BREAKFAST;pcs;0;5;1500;;true;2025-12-24 17:20:17.455687+00;2025-12-24 17:20:17.455687+00;
bb46c7cc-12f6-4a25-a306-d0528d44dd76;YOLLOF RICE CHICKEN AND PLANTAIN;Lunch;pcs;0;5;3500;;true;2025-12-24 17:20:17.591213+00;2025-12-24 17:20:17.591213+00;
5759278d-a77b-48c1-b39d-3e57af540fe2;BEEF STEW;BREAKFAST;pcs;0;5;4000;;true;2025-12-24 17:20:17.708789+00;2025-12-24 17:20:17.708789+00;
0e1cd057-1920-4b1b-84ad-3c43840b4930;Coca Cola;Drinks;pcs;0;5;200;;true;2025-12-24 17:20:13.273993+00;2025-12-24 17:20:13.273993+00;
774b43c2-ccd8-4743-98e8-59e924e176bd;BITTERLEAF SOUP AND FISH;Lunch;pcs;5;5;4500;;true;2025-12-24 17:20:15.488232+00;2025-12-24 17:20:15.488232+00;
0e32f21d-970a-4ee7-9df1-405120cda04f;OHA SOUP WITH CHICKEN;Lunch;pcs;13;5;5000;;true;2025-12-24 17:20:16.602175+00;2025-12-24 17:20:16.602175+00;
1c1b5676-e695-42bc-a910-634c50d5f78d;OKRO SOUP WITH SNAIL AND FISH;Lunch;pcs;9;5;4000;;true;2025-12-24 17:20:15.599041+00;2025-12-24 17:20:15.599041+00;
384a12d0-bf98-4742-90ed-c87add612a9b;CLASE AZUL;HOT;pcs;6;5;450000;;true;2025-12-24 17:20:13.614655+00;2025-12-24 17:20:13.614655+00;
5cbafca7-4eaa-43b0-89e8-c5714eb4b615;HENNESSY  VSOP;HOT;pcs;1;5;160000;;true;2025-12-24 17:20:13.732219+00;2025-12-24 17:20:13.732219+00;
1a3f5bfa-86f8-4dc3-b2db-a741a2ae7f21;HENNESSY  VS;HOT;pcs;2;5;100000;;true;2025-12-24 17:20:13.849606+00;2025-12-24 17:20:13.849606+00;
c0d6b5c3-e358-4887-aabd-8433ada1e755;GLENMORANGIE 10YRS;HOT;pcs;1;5;80000;;true;2025-12-24 17:20:13.971843+00;2025-12-24 17:20:13.971843+00;
2373716c-89a0-459d-85f4-4d0d79f69262;GLENFIDDICH 21YRS;HOT;pcs;1;5;450000;;true;2025-12-24 17:20:14.077431+00;2025-12-24 17:20:14.077431+00;
4ac4a492-d5c6-4b6f-9613-2265275d5610;VEUVE CLIQUOT;HOT;pcs;1;5;160000;;true;2025-12-24 17:20:14.286361+00;2025-12-24 17:20:14.286361+00;
62af768f-477c-4da8-9795-0101fc862359;MARTELL BLUE SWIFT;HOT;pcs;1;5;150000;;true;2025-12-24 17:20:14.399744+00;2025-12-24 17:20:14.399744+00;
05b17157-8647-4e9e-8bb0-87e54d58492c;MONSTER BLACK;ENERGY DRINK;pcs;14;5;2000;;true;2025-12-24 17:20:17.135075+00;2025-12-24 17:20:17.135075+00;
dfe257a5-aa4c-4f82-a874-c72701e10494;CLIMAX;soft drink;pcs;17;5;1200;;true;2025-12-24 17:20:17.351923+00;2025-12-24 17:20:17.351923+00;
b7ca45ee-e9e6-4890-8d6a-c03647fd8263;FRIED PLANTAIN;BREAKFAST;pcs;2;5;1000;;true;2025-12-24 17:20:14.727546+00;2025-12-24 17:20:14.727546+00;
f38bc8f9-df80-49a9-a3a9-e485b05491fc;Jollof Rice;Food;pcs;2;5;800;;true;2025-12-24 17:20:13.49367+00;2025-12-24 17:20:13.49367+00;
6ea6acf1-42df-44f2-ae57-615560ceb275;PEPPERED MEAT 1000;;pcs;19;5;1000;;true;2025-12-24 17:20:51.604165+00;2025-12-24 17:20:51.604165+00;
6cefabc0-b171-4797-a61c-5d0d09d21f74;2by2;;pcs;0;5;1000;;true;2025-12-24 17:20:49.486094+00;2025-12-24 17:20:49.486094+00;
6b95a9ea-022b-413d-be51-f4477db5972d;CAPRISUN 200ml;;pcs;0;5;500;;true;2025-12-24 17:20:49.926967+00;2025-12-24 17:20:49.926967+00;
be3bf948-b313-4e14-9b43-8d066bc05bb7;BIGI COLA;;pcs;0;5;400;;true;2025-12-24 17:20:50.339292+00;2025-12-24 17:20:50.339292+00;
9cac1460-ac4a-4308-8f73-7aac9f116ca6;FRUIT JUICE;;pcs;0;5;5000;;true;2025-12-24 17:20:50.762105+00;2025-12-24 17:20:50.762105+00;
1b343eed-0e6b-4a8b-87db-b0da579e05c6;SILK AND SPICE;;pcs;0;5;30000;;true;2025-12-24 17:20:51.061707+00;2025-12-24 17:20:51.061707+00;
32a7ff12-12ef-42d1-bb84-4e0294850c4a;PALMY COLA;;pcs;0;5;1200;;true;2025-12-24 17:20:52.442224+00;2025-12-24 17:20:52.442224+00;
47b5c76a-8f84-4099-93b3-405c4a1d8bcd;Ivory Cream;;pcs;0;5;2500;;true;2025-12-24 17:20:53.010791+00;2025-12-24 17:20:53.010791+00;
ddcc6154-aa7d-4ab0-91b4-fb3d826e76a8;GOAT MEAT STEW;;pcs;0;5;5000;;true;2025-12-24 17:20:54.167617+00;2025-12-24 17:20:54.167617+00;
49e1b448-4279-48c7-aadb-a59afee332ac;MARTINELLIS SPARKLING CIDAR;;pcs;0;5;16000;;true;2025-12-24 17:20:54.702655+00;2025-12-24 17:20:54.702655+00;
f8432b34-740f-4c01-a716-b0f91a5f6546;ANGEL RED WINE;;pcs;0;5;10000;;true;2025-12-24 17:20:55.631733+00;2025-12-24 17:20:55.631733+00;
650ae47b-39ba-43b6-a7de-f2e3e7579abc;THE NINES;;pcs;0;5;15000;;true;2025-12-24 17:20:56.16951+00;2025-12-24 17:20:56.16951+00;
398d0f8f-e93f-4fa3-803b-052fad81c841;BALLANTINES;;pcs;0;5;25000;;true;2025-12-24 17:20:56.569844+00;2025-12-24 17:20:56.569844+00;
306899de-641c-461a-85a3-15cbd8a0f635;BIG CHICKEN AND CHIPS;;pcs;0;5;6000;;true;2025-12-24 17:20:57.076154+00;2025-12-24 17:20:57.076154+00;
7f368ce3-3040-4e2f-a048-f26b7712a285;SYRAH RED WINE;;pcs;0;5;8000;;true;2025-12-24 17:20:57.477922+00;2025-12-24 17:20:57.477922+00;
c15d162b-724d-4d95-b78c-5f8dec4e6263;TEA SPECIAL HALF;;pcs;0;5;2500;;true;2025-12-24 17:20:58.008815+00;2025-12-24 17:20:58.008815+00;
ac450b7d-cd93-4cbf-98e5-14c45eda9627;DRINKS;BREWERIES;pcs;0;5;10000;;true;2025-12-24 17:20:43.817438+00;2025-12-24 17:20:43.817438+00;
dbc85174-8d3f-4f1c-a9be-66da0ed79c96;LEGEND TWIST bottle;Beer;pcs;0;5;1400;;true;2025-12-24 17:20:43.918567+00;2025-12-24 17:20:43.918567+00;