id;category_id;name;description;price;cost_price;image_url;is_available;is_active;created_at;updated_at;inventory_item_id;track_inventory
aa982b94-5f30-4313-b644-bcebc7f913d1;b511dcbb-8671-4c86-9f71-110b2dce5937;CLIMAX;;1200.00;1200.00;;true;true;2025-12-24 16:26:55.860618+00;2025-12-24 16:26:55.860618+00;dfe257a5-aa4c-4f82-a874-c72701e10494;true
cfa87ba0-d576-4936-9c58-98ecec363a02;0f8c8d93-f7d0-4c63-9ee2-a6d3f2899981;JOLLOF RICE;;2000.00;2000.00;;true;true;2025-12-24 16:26:58.113721+00;2025-12-24 16:26:58.113721+00;9d0c94fc-2093-44b1-bb32-94dc4bd0bd16;true
4665e7cd-6096-430b-9040-b4cddd436b98;79d4ec31-3a88-45b8-b9e2-ad80f974288d;BITTERLEAF SOUP AND FISH;;4500.00;4500.00;;true;true;2025-12-24 16:26:54.276463+00;2025-12-24 16:26:54.276463+00;774b43c2-ccd8-4743-98e8-59e924e176bd;true
229e4592-5039-4788-b00a-0d4a315c35b9;0f8c8d93-f7d0-4c63-9ee2-a6d3f2899981;AFANG SOUP WITH TILAPIA FISH;;4000.00;4000.00;;true;true;2025-12-24 16:26:56.72107+00;2025-12-24 16:26:56.72107+00;0c4c001b-e033-401a-a030-838afb7fc1f9;true
6a40d9e5-c7f6-4524-a16d-784f20a4a6e8;79d4ec31-3a88-45b8-b9e2-ad80f974288d;OHA SOUP WITH CHICKEN;;5000.00;5000.00;;true;true;2025-12-24 16:26:55.268963+00;2025-12-24 16:26:55.268963+00;0e32f21d-970a-4ee7-9df1-405120cda04f;true
de49a5c9-a3ee-4eab-9f49-ad7acd4d6abb;79d4ec31-3a88-45b8-b9e2-ad80f974288d;OKRO SOUP WITH SNAIL AND FISH;;4000.00;4000.00;;true;true;2025-12-24 16:26:54.370614+00;2025-12-24 16:26:54.370614+00;1c1b5676-e695-42bc-a910-634c50d5f78d;true
385a0a91-c055-47be-8294-4fd9a8b981d7;0f8c8d93-f7d0-4c63-9ee2-a6d3f2899981;WHITE SOUP ONLY;;2500.00;2500.00;;true;true;2025-12-24 16:26:58.776153+00;2025-12-24 16:26:58.776153+00;f6f28897-2191-44a0-b162-c6de6e43238b;true
8586a2f7-eeb6-4dc0-aa88-7091a9de1800;c9abda73-9c8a-497d-a33f-bc39a503499a;CLASE AZUL;;450000.00;450000.00;;true;true;2025-12-24 16:26:52.582931+00;2025-12-24 16:26:52.582931+00;384a12d0-bf98-4742-90ed-c87add612a9b;true
a2cd4d20-c14c-4c46-b8d1-5c9fecead05d;f65b4b1b-6893-4811-827e-dc3db88a4873;MONSTER BLACK;;2000.00;2000.00;;true;true;2025-12-24 16:26:55.662565+00;2025-12-24 16:26:55.662565+00;05b17157-8647-4e9e-8bb0-87e54d58492c;true
ce842f51-74e6-41b3-a202-23ad4184f760;26d358d6-d339-4ef6-a4f4-cbda0a5b5b63;Jollof Rice;Nigerian Jollof Rice;1500.00;800.00;;true;true;2025-12-24 13:39:26.633516+00;2025-12-24 13:39:26.633516+00;f38bc8f9-df80-49a9-a3a9-e485b05491fc;true
3071b31e-bfe5-4bef-b4d5-4633c84fe967;79d4ec31-3a88-45b8-b9e2-ad80f974288d;WHITE RICE AND GOATMEAT STEW WITH PLANTAIN;;5000.00;5000.00;;false;true;2025-12-24 16:26:53.411763+00;2025-12-24 16:26:53.411763+00;5d89741c-dfbc-48ce-bca2-75d52a6fc73a;true
e1edd20a-e3f3-4f49-b1d4-5276821aa82c;0c6847d9-70bd-4910-936f-ad7f402ca80a;WATERMELON AND BEET;;2500.00;2500.00;;false;true;2025-12-24 16:26:53.512468+00;2025-12-24 16:26:53.512468+00;f36fac9d-3496-4616-8c99-44bf30f1da63;true
1d9e6c1d-e3e4-44a8-89b3-66444552db19;79d4ec31-3a88-45b8-b9e2-ad80f974288d;TURKEY AND SALAD;;3000.00;3000.00;;false;true;2025-12-24 16:26:53.803419+00;2025-12-24 16:26:53.803419+00;0b71ffea-3fbf-433a-9739-b9ce954db15a;true
90f67e23-ffc4-4ce7-a91a-6afbc00a5da7;9c69d244-25d9-4494-a94e-dd6946fedcdc;TILAPIA FISH BARBECUE;;8000.00;8000.00;;false;true;2025-12-24 16:26:53.902209+00;2025-12-24 16:26:53.902209+00;77b59c52-ca07-4b70-84a2-2cb0e68c7331;true
2b7f5a6d-194e-4761-b02a-a141c1327145;79d4ec31-3a88-45b8-b9e2-ad80f974288d;CHICKEN AND CHIPS;;7500.00;7500.00;;false;true;2025-12-24 16:26:54.003043+00;2025-12-24 16:26:54.003043+00;0ba8178e-f5fa-4dff-b3d7-af2d1ff8a658;true
4da29f4f-c29e-4e94-9cd2-9c9e1c06c0fc;0f8c8d93-f7d0-4c63-9ee2-a6d3f2899981;EGUSI WITH CHICKEN;;7500.00;7500.00;;false;true;2025-12-24 16:26:54.099744+00;2025-12-24 16:26:54.099744+00;3060f4f9-f635-4ebf-b3d1-a95428531503;true
7ea2cc42-5b16-48e6-9172-c105662cb1d4;79d4ec31-3a88-45b8-b9e2-ad80f974288d;FISHPEPPERSOUP AND YAM;;3500.00;3500.00;;false;true;2025-12-24 16:26:54.466756+00;2025-12-24 16:26:54.466756+00;1cd110e1-f887-4bbc-a92c-9f40903f21f4;true
63513071-71aa-4811-8eb0-777e3d8e9db9;79d4ec31-3a88-45b8-b9e2-ad80f974288d;CHICKEN PEPPERSOUP AND YAM;;6000.00;6000.00;;false;true;2025-12-24 16:26:54.575066+00;2025-12-24 16:26:54.575066+00;f0c84653-9064-4bb3-ab6e-3864541e2510;true
728f571a-f7b7-4a41-b98c-a045e08440af;79d4ec31-3a88-45b8-b9e2-ad80f974288d;YOLLOF RICE, TURKEY WITH SALAD;;3800.00;3800.00;;false;true;2025-12-24 16:26:54.77091+00;2025-12-24 16:26:54.77091+00;e67a6e4b-29a2-4663-9c97-395d60425a1d;true
9df55492-d3dd-442f-863a-d3cbe8332b21;4e6972da-a11a-4f13-a494-fa01ce1fcbaf;WATERMELON,CARROT AND PINEAPPLE;;1500.00;1500.00;;false;true;2025-12-24 16:26:54.876628+00;2025-12-24 16:26:54.876628+00;858d5b84-b9bb-4d3a-80d8-27401ed0f078;true
2f27cab2-2c47-4490-95d0-5ade03ba5f2e;79d4ec31-3a88-45b8-b9e2-ad80f974288d;BEANS AND FRIED PLANTAIN WITH FISH;;3500.00;3500.00;;false;true;2025-12-24 16:26:54.96981+00;2025-12-24 16:26:54.96981+00;b8663be3-0f76-4fa3-b590-44a28189a542;true
56eea934-ec94-4cb4-965e-fe48c1c6537d;79d4ec31-3a88-45b8-b9e2-ad80f974288d;BOLE;;2500.00;2500.00;;false;true;2025-12-24 16:26:55.069193+00;2025-12-24 16:26:55.069193+00;1083c067-2ef3-4b0a-8143-c420ac9fb96b;true
2244d409-f2c0-4028-a6b3-e09a0b578ed1;79d4ec31-3a88-45b8-b9e2-ad80f974288d;TILAPIA FISH PEPPERSOUP;;2000.00;2000.00;;false;true;2025-12-24 16:26:55.374024+00;2025-12-24 16:26:55.374024+00;23598209-15a1-4c83-9beb-1cb97d48e0cf;true
7c818fae-1b6b-4797-9d22-d671c250e766;79d4ec31-3a88-45b8-b9e2-ad80f974288d;FRESHFISH PEPPERSOUP;;2000.00;2000.00;;false;true;2025-12-24 16:26:55.473877+00;2025-12-24 16:26:55.473877+00;4f88b520-f28d-494b-969c-dd450975ef12;true
c44a6125-cc8d-42f4-89d8-1d0611c28fe5;ba97ffb1-796b-4601-95b4-c788b612c18d;ABACHA AND FISH;;3500.00;3500.00;;false;true;2025-12-24 16:26:55.562826+00;2025-12-24 16:26:55.562826+00;3a54ca6e-a2d0-4bf4-89a9-10090bdde17f;true
0393dec2-f5c8-44b3-a506-3db6f062ab15;f88c4327-c744-45af-a400-37e4d358caef;INDOMIE;;1500.00;1500.00;;false;true;2025-12-24 16:26:55.954408+00;2025-12-24 16:26:55.954408+00;a24567e3-7d03-49b0-a3a4-f93d730b6677;true
c6e3ab0c-f343-4f23-bceb-e38c79d3104e;79d4ec31-3a88-45b8-b9e2-ad80f974288d;YOLLOF RICE CHICKEN AND PLANTAIN;;3500.00;3500.00;;false;true;2025-12-24 16:26:56.048186+00;2025-12-24 16:26:56.048186+00;bb46c7cc-12f6-4a25-a306-d0528d44dd76;true
a653f05a-d47d-4c5a-9731-48a96e0ed9cd;f88c4327-c744-45af-a400-37e4d358caef;BEEF STEW;;4000.00;4000.00;;false;true;2025-12-24 16:26:56.144009+00;2025-12-24 16:26:56.144009+00;5759278d-a77b-48c1-b39d-3e57af540fe2;true
a1008324-42e8-4baa-801e-d784c23c0c9f;f88c4327-c744-45af-a400-37e4d358caef;PORRIDGE BEANS WITH FRIED PLANTAIN;;2500.00;2500.00;;false;true;2025-12-24 16:26:56.344405+00;2025-12-24 16:26:56.344405+00;6ba9f2a4-f3da-4a16-a847-d4400693bab6;true
f4c54e35-cca8-454e-88a3-48389be4306c;f88c4327-c744-45af-a400-37e4d358caef;PORRIDGE YAM WITH FISH;;4000.00;4000.00;;false;true;2025-12-24 16:26:56.443158+00;2025-12-24 16:26:56.443158+00;acd1624d-ed09-444b-bebc-bbe41696c7c4;true
10548ded-98bf-4a0a-9739-09651010fae8;f88c4327-c744-45af-a400-37e4d358caef;YAM PEPPER SOUP WITH FISH;;3500.00;3500.00;;false;true;2025-12-24 16:26:56.537145+00;2025-12-24 16:26:56.537145+00;3311333e-28c9-4c8f-b728-aa3a592f861e;true
12fcf5b3-0665-44df-962a-ba0e61f198dc;79d4ec31-3a88-45b8-b9e2-ad80f974288d;PORRIDGE YAM WITH ICE FISH;;3000.00;3000.00;;false;true;2025-12-24 16:26:56.813497+00;2025-12-24 16:26:56.813497+00;179844c7-6044-4fc4-a6a2-516f943939f0;true
442d9f6c-5cc4-4dce-82c0-596e7298ce2f;e9310ff9-696d-408f-9f15-2440d467e5fa;SHISHA;;3500.00;3500.00;;false;true;2025-12-24 16:26:56.911917+00;2025-12-24 16:26:56.911917+00;bb2aa378-f3da-4770-87a9-475b2c79714d;true
7781fb6f-20a4-4dec-ac62-9f391b286c4d;e9310ff9-696d-408f-9f15-2440d467e5fa;EXTRA COAL;;500.00;500.00;;false;true;2025-12-24 16:26:57.013243+00;2025-12-24 16:26:57.013243+00;ac25a523-a2f1-4c84-814f-898119efc62b;true
1d7c3184-9041-4e44-9041-0467eacb90fd;b20e4016-683d-42d3-81b6-452928613cdd;SNOOKER COINS;;1000.00;1000.00;;false;true;2025-12-24 16:26:57.217944+00;2025-12-24 16:26:57.217944+00;34654105-4062-473a-9756-a95e5853afd0;true
ae3995ba-5cba-4c0c-9f7c-087319369e10;0f8c8d93-f7d0-4c63-9ee2-a6d3f2899981;FRIED FISH TILAPIA FISH AND SALAD;;3500.00;3500.00;;false;true;2025-12-24 16:26:57.304798+00;2025-12-24 16:26:57.304798+00;ef563b08-9bf2-492f-8d75-46ddf4e5c65c;true
734a893b-156b-4223-8f96-5ff902306766;79d4ec31-3a88-45b8-b9e2-ad80f974288d;JOLLOF RICE AND FRIED GOATMEAT;;3000.00;3000.00;;false;true;2025-12-24 16:26:57.40199+00;2025-12-24 16:26:57.40199+00;4cb21a1f-51ae-4954-805b-bffdc760f8c6;true
f1efe17f-66ae-4fdd-b8cd-48426b74446a;07cf2123-d639-4f85-8d99-3a49ef9e669f;TWO SNAILS;;1000.00;1000.00;;false;true;2025-12-24 16:26:57.508248+00;2025-12-24 16:26:57.508248+00;873809fc-08b0-457f-8918-b62aa4bd520d;true
3acbfb93-3da1-4cd9-b21d-be988fda50e1;79d4ec31-3a88-45b8-b9e2-ad80f974288d;COCONUT RICE WITH CHICKEN;;4000.00;4000.00;;false;true;2025-12-24 16:26:57.60117+00;2025-12-24 16:26:57.60117+00;673768c0-feff-47e1-9758-0b13c689fdb7;true
fd68e416-6ed1-41a4-851b-62c609bc93aa;f88c4327-c744-45af-a400-37e4d358caef;FRIED EGG 1;;1000.00;1000.00;;false;true;2025-12-24 16:26:57.805387+00;2025-12-24 16:26:57.805387+00;b2bc7472-4153-4c53-bf5c-77b782d56919;true
4228901c-d2a4-4a55-8066-19bed9b99058;79d4ec31-3a88-45b8-b9e2-ad80f974288d;FRIED RICE, GOATMEAT AND SALAD;;3500.00;3500.00;;false;true;2025-12-24 16:26:57.902059+00;2025-12-24 16:26:57.902059+00;c2a7720e-96dd-4142-b430-7be2ec4ff2b6;true
54a03e85-2278-4137-8896-71d4106f4db7;0f8c8d93-f7d0-4c63-9ee2-a6d3f2899981;JOLLOF RICE WITH SALAD;;1500.00;1500.00;;false;true;2025-12-24 16:26:58.009945+00;2025-12-24 16:26:58.009945+00;3dbfbcb1-9586-4405-bafb-663d71b51194;true
31b3d0bc-872d-4759-b7e7-514623d57fe4;0f8c8d93-f7d0-4c63-9ee2-a6d3f2899981;PARTY JOLLOF TURKEY AND SALAD;;5500.00;5500.00;;false;true;2025-12-24 16:26:58.203869+00;2025-12-24 16:26:58.203869+00;24415497-bc0a-440e-bde9-ac39759b87a7;true
09a9104f-cfa7-4687-b846-26c3a24e6477;79d4ec31-3a88-45b8-b9e2-ad80f974288d;JOLLOF RICE WITH  BEEF AND SALAD;;3800.00;3800.00;;false;true;2025-12-24 16:26:58.864858+00;2025-12-24 16:26:58.864858+00;af866010-0789-46ae-a55a-c441928c07cf;true
bdaa7850-edca-4a58-bb0a-7310d1f1a344;0f8c8d93-f7d0-4c63-9ee2-a6d3f2899981;TURKEY AND CHIPS  WITH SALAD;;6000.00;6000.00;;false;true;2025-12-24 16:26:58.961736+00;2025-12-24 16:26:58.961736+00;032e47f2-0cc1-4062-869a-7a04a7d6a274;true
777e6c18-afdb-4691-8906-9ed911021917;79d4ec31-3a88-45b8-b9e2-ad80f974288d;RICE AND BEANS WITH FISH;;5000.00;5000.00;;false;true;2025-12-24 16:26:59.058922+00;2025-12-24 16:26:59.058922+00;1a9b51b4-a392-440c-a7b2-bc6e2a3dc4fe;true
f76baf5d-42dc-41bb-a175-a21b4771b1e7;d3880976-c418-48c1-9134-1a698a508e69;GULDER BOTTLE VIP;;1300.00;1300.00;;false;true;2025-12-24 16:27:04.728037+00;2025-12-24 16:27:04.728037+00;7d7b7266-6eb7-494d-9f0b-ba50bdcf7494;true
0421a439-c0eb-4a0d-af92-476258edc278;f5f45396-c7f0-43b9-a4ec-31a0dd55311f;FUFU;;500.00;500.00;;true;true;2025-12-24 16:27:15.982482+00;2025-12-24 16:27:15.982482+00;00e854be-55cd-4220-87e6-20c496d5c670;true
b5c8d581-fd8e-4c31-a45f-63886fa96106;4e6972da-a11a-4f13-a494-fa01ce1fcbaf;BEET AND PINEAPPLE;;2000.00;2000.00;;false;true;2025-12-24 16:26:59.60074+00;2025-12-24 16:26:59.60074+00;a79da2f8-ffb0-43fd-a28f-007d93a054ae;true
93917596-082c-4819-aa16-f9e5660acadb;b511dcbb-8671-4c86-9f71-110b2dce5937;CAN SPRITE;;1000.00;1000.00;;false;true;2025-12-24 16:26:59.979222+00;2025-12-24 16:26:59.979222+00;664d9156-1457-4b26-8922-884e91cf645d;true
f3680a67-5784-4536-adb1-87b302758c43;79d4ec31-3a88-45b8-b9e2-ad80f974288d;FRIED RICE AND CHICKEN;;4000.00;4000.00;;false;true;2025-12-24 16:27:00.189176+00;2025-12-24 16:27:00.189176+00;fb58af1e-f831-4496-a5e5-64934b8d5f9c;true
b29a2a4b-29e2-47d8-969d-f4194d307ba4;eac721ea-368a-431b-b3b3-51c2118658dd;HAPPY HOUR;;2000.00;2000.00;;false;true;2025-12-24 16:27:00.434643+00;2025-12-24 16:27:00.434643+00;d237f604-779b-4904-89c9-dda2dcd88e55;true
203771a5-ff8d-4b7e-a655-e768c28e606e;b176e4f2-41e7-4ee6-8050-50c085000450;TEEZERS;;800.00;800.00;;false;true;2025-12-24 16:27:01.081579+00;2025-12-24 16:27:01.081579+00;b627c56e-e694-4f8a-82aa-0a7d857caacd;true
12719fa0-eacc-4734-bbcc-858b5641f36c;d3880976-c418-48c1-9134-1a698a508e69;SMALL LEGEND VIP;;1200.00;1200.00;;false;true;2025-12-24 16:27:05.022086+00;2025-12-24 16:27:05.022086+00;8e935587-dd92-4b4c-b3c3-200d89cce7ec;true
0aeae330-5e8f-41ea-9700-4dad227d37ef;d3880976-c418-48c1-9134-1a698a508e69;STAR RADLAR BOTTLE REG;;1300.00;1300.00;;false;true;2025-12-24 16:27:05.186649+00;2025-12-24 16:27:05.186649+00;754aaeb0-132a-4ec4-aa0a-8f7bd9ac1563;true
5b454251-f043-4a5b-9243-1ed11123dd1a;d3880976-c418-48c1-9134-1a698a508e69;33 BOTTLE REG;;1700.00;1700.00;;false;true;2025-12-24 16:27:05.541347+00;2025-12-24 16:27:05.541347+00;648971d1-0374-4e46-ad26-a2cedbb9730c;true
637f037c-b20b-408e-a1f5-1db3a88b4c9c;2cd0a96e-1abb-4ede-989c-080bb86c823c;FAYROUZ BOTTLE REG;;800.00;800.00;;false;true;2025-12-24 16:27:05.902022+00;2025-12-24 16:27:05.902022+00;6f8fc7e8-6e0f-4708-9f98-db892a5ecaf4;true
5ad90e3f-f7eb-4294-91a9-909688cd46a1;d3880976-c418-48c1-9134-1a698a508e69;MEDIUM STOUT REG;;2000.00;2000.00;;false;true;2025-12-24 16:27:06.075696+00;2025-12-24 16:27:06.075696+00;93132237-dd16-42e5-8a83-ab8ece878740;true
36b1dbab-a443-4ad9-b9aa-44fdfe9a1a13;53293271-e7f1-4db6-ab2f-b0b63410dee5;KETCHUP DESIGN;;2000.00;2000.00;;false;true;2025-12-24 16:27:06.598933+00;2025-12-24 16:27:06.598933+00;a86ac1c3-b6b3-4405-ac5c-9aa054214cdf;true
52c25e37-8428-44a3-ac33-2f84daf07d15;6c741f72-514e-45d5-958a-78108a5e1650;TIGER BOTTLE VIP;;1500.00;1500.00;;false;true;2025-12-24 16:27:06.788483+00;2025-12-24 16:27:06.788483+00;2ad1a541-988a-4636-950a-bb68df21aad9;true
ab9b9409-e442-4bde-88a2-c7160ffe3dfd;6c741f72-514e-45d5-958a-78108a5e1650;TOMI CAN;;1000.00;1000.00;;false;true;2025-12-24 16:27:06.979698+00;2025-12-24 16:27:06.979698+00;c67dcc7c-5f23-4d28-b49f-b5f040b5b4d2;true
23d9edfc-b970-4ec1-947f-25d41e4af8a8;4afbedc9-70f5-40f5-86fd-4fe95e09e67b;BALLAMOUR;;1000.00;1000.00;;false;true;2025-12-24 16:27:07.157951+00;2025-12-24 16:27:07.157951+00;a4c3c275-f61d-4050-9317-9c4a33585e5d;true
ed2dfede-04d1-45cf-a3d8-88d5dddb645f;3d92eb05-5bc3-4eb4-bc53-060ebbafa980;SMALL TURKEY;;2500.00;2500.00;;false;true;2025-12-24 16:27:07.895232+00;2025-12-24 16:27:07.895232+00;e0dd5e1d-6b01-485d-9164-9a99c64c1c8b;true
241fe49a-1bc6-4fd5-9dd8-ec1ca6c5d68c;79d4ec31-3a88-45b8-b9e2-ad80f974288d;CHICKEN VEGETABLE;;3000.00;3000.00;;false;true;2025-12-24 16:27:08.306939+00;2025-12-24 16:27:08.306939+00;9fff98a8-53d4-4955-b128-b5b7ba2e0b47;true
cfdea8f3-ce59-44b5-b323-16ecfa37d21e;d2a33bf9-9ef2-4aba-a5a1-f423f035d2cf;MR. BEANS;;3300.00;3300.00;;false;true;2025-12-24 16:27:08.489112+00;2025-12-24 16:27:08.489112+00;7808d8d2-b2d3-461e-966a-17d165c257ab;true
7b752f09-0e59-4dbe-912e-2988ae7358ad;9c69d244-25d9-4494-a94e-dd6946fedcdc;TILAPIA FISH 11k;;11000.00;11000.00;;false;true;2025-12-24 16:27:08.686999+00;2025-12-24 16:27:08.686999+00;5876b74f-3a3d-4e11-94bc-dc8040968633;true
8e7f62bd-cef2-4217-9602-3799ec20c474;9c69d244-25d9-4494-a94e-dd6946fedcdc;SHAWARMA BEEF JUMBO;;3500.00;3500.00;;false;true;2025-12-24 16:27:13.810501+00;2025-12-24 16:27:13.810501+00;54dae0af-411a-45a1-9817-1eb815b9d73e;true
42b12cb2-25f6-4176-9e4e-38e40f798e9f;b7b60007-4cb4-4556-803e-daea85aa5bbb;BOILED EGG;;500.00;500.00;;false;true;2025-12-24 16:27:14.138547+00;2025-12-24 16:27:14.138547+00;9641651c-2166-4ac8-aff5-777e4fe357c2;true
330bff47-4457-4893-9b9a-fe5f8051b6fd;9c69d244-25d9-4494-a94e-dd6946fedcdc;TILAPIAFISH BARBECUE 11K;;11000.00;11000.00;;false;true;2025-12-24 16:27:14.407345+00;2025-12-24 16:27:14.407345+00;87cfe4e1-3ab5-4bd4-bd86-b6f6abd44954;true
13a73c7b-890e-4e80-87d9-0fa024154aa4;fe0beb93-c57e-4459-8db9-cb2afcb18d23;BREAD;;1800.00;1800.00;;false;true;2025-12-24 16:27:14.582611+00;2025-12-24 16:27:14.582611+00;df181557-0243-48de-81e0-8b01dbbf37d1;true
2760f4f0-fe00-413d-a441-9910655004ed;f88c4327-c744-45af-a400-37e4d358caef;CURRY SAUCE;;7500.00;7500.00;;false;true;2025-12-24 16:27:14.747889+00;2025-12-24 16:27:14.747889+00;a69d8488-bb11-4050-9478-078f7bf66811;true
171d3f5d-a2c6-47cb-a79f-cd6ff0351674;8ffe2bdc-4b5d-44b7-a37c-2c420f2d0cdb;BUFFET SERVICES 2K;;2000.00;2000.00;;false;true;2025-12-24 16:27:15.08251+00;2025-12-24 16:27:15.08251+00;f5aefb22-51b1-4022-8c17-d6114edf0560;true
065dbd9c-9faa-42c5-b0ae-76c820325268;9c69d244-25d9-4494-a94e-dd6946fedcdc;TILAPIA FISH BARBEQUE 9k;;9000.00;9000.00;;false;true;2025-12-24 16:27:15.250522+00;2025-12-24 16:27:15.250522+00;1e335dbd-abea-42d7-b6b1-1d151433fab6;true
80f4fb11-1c46-4f92-ac15-95ca81f7a0a4;4e6972da-a11a-4f13-a494-fa01ce1fcbaf;PINEAPPLE JUICE;;7000.00;7000.00;;false;true;2025-12-24 16:27:15.663053+00;2025-12-24 16:27:15.663053+00;c6b43dae-d622-430f-8588-3edf2c1905d0;true
26bfd71a-b262-481f-9fe7-c4dac61980fe;50fe18e7-ff60-4e53-bf85-5d5141061806;INDOMIE AND 1 EGG;;3000.00;3000.00;;false;true;2025-12-24 16:27:16.1794+00;2025-12-24 16:27:16.1794+00;b3d388ce-139d-41d2-8692-69c8d7c9f5d6;true
7d2e8e97-de24-464f-aea8-090142bc85b2;79d4ec31-3a88-45b8-b9e2-ad80f974288d;BOILED PLANTAIN AND EGG SAUCE;;3000.00;3000.00;;false;true;2025-12-24 16:27:16.380852+00;2025-12-24 16:27:16.380852+00;64218167-600e-4b17-845f-a171de52245e;true
09eca311-e231-4a83-9d1b-d57be3d0895a;dce35da1-db2f-4a4b-ace2-d458b5b382a2;SIR EDWARD;;20000.00;20000.00;;false;true;2025-12-24 16:27:16.590523+00;2025-12-24 16:27:16.590523+00;b1ec649e-bdbe-4033-a621-cd8c0343a7b4;true
08fb5ce6-ac5a-47d4-a4eb-04973cafaa3e;ba55eff0-514f-41ef-b76f-109d4738c7f8;GUINNESS MALTA BOTTLE;;1200.00;1200.00;;false;true;2025-12-24 16:27:17.008579+00;2025-12-24 16:27:17.008579+00;59383097-a76d-46bb-8fa7-910c1347e623;true
1ba0a7fa-b0b2-4d74-b59b-c15615514fb4;9c69d244-25d9-4494-a94e-dd6946fedcdc;CATFISH 8K;;8000.00;8000.00;;false;true;2025-12-24 16:27:17.189228+00;2025-12-24 16:27:17.189228+00;2c7e13e3-902f-43ce-874d-3f2d98d71bce;true
43af21d4-f21c-4c70-b02b-fbdba340cc16;4afbedc9-70f5-40f5-86fd-4fe95e09e67b;1960 BITTERS SMALL;;1500.00;1500.00;;false;true;2025-12-24 16:27:17.366957+00;2025-12-24 16:27:17.366957+00;065902b7-10eb-4323-ac21-d8762ead1743;true
040358cf-4950-4d76-ae87-220db9497be0;4afbedc9-70f5-40f5-86fd-4fe95e09e67b;ACTION BITTERS;;1500.00;1500.00;;false;true;2025-12-24 16:27:17.927184+00;2025-12-24 16:27:17.927184+00;94b7a2a6-d7d6-47f6-97df-728765d4f81a;true
c4b29705-853c-4e42-8dac-827b5d6b5a49;9c69d244-25d9-4494-a94e-dd6946fedcdc;TILAPIA FISH 8500;;8500.00;8500.00;;false;true;2025-12-24 16:27:18.103334+00;2025-12-24 16:27:18.103334+00;989f8443-9c50-4fd4-8914-a2b4311b3f73;true
fd1418bc-7642-48f5-a3c6-45edacc1d49a;b11f2c9e-4ac1-4b00-98a6-86a3c881a02c;KINGS CREAM;;2500.00;2500.00;;false;true;2025-12-24 16:27:18.272013+00;2025-12-24 16:27:18.272013+00;733c52ac-9220-4776-a729-ee365e98b5bc;true
cfbc2eb7-3daf-490d-b7c5-b4f1d5fa6287;9c69d244-25d9-4494-a94e-dd6946fedcdc;Barbecue Catfish 8500;;8500.00;8500.00;;false;true;2025-12-24 16:27:18.626879+00;2025-12-24 16:27:18.626879+00;6b002261-c95c-40e9-b140-b40c54821da4;true
dbf3b18d-73cf-425a-9300-111330a90e92;9c69d244-25d9-4494-a94e-dd6946fedcdc;Barbecue Catfish 9500;;9500.00;9500.00;;false;true;2025-12-24 16:27:18.801746+00;2025-12-24 16:27:18.801746+00;8a6889fc-c309-4d07-a3d2-458116897462;true
658ef4dd-1daa-4d97-af6d-7c1c64496014;9c69d244-25d9-4494-a94e-dd6946fedcdc;Barbecue Catfish 10500;;10500.00;10500.00;;false;true;2025-12-24 16:27:18.969908+00;2025-12-24 16:27:18.969908+00;d66aee9b-3c26-48f6-835b-dc5f291c74ba;true
b90f2697-9a33-4d10-8efd-8cec9e2c2745;9c69d244-25d9-4494-a94e-dd6946fedcdc;Barbecue Catfish 11,500;;11500.00;11500.00;;false;true;2025-12-24 16:27:19.145382+00;2025-12-24 16:27:19.145382+00;3b07fcd1-02d1-47c5-9b9c-a3172d352025;true
e702329a-53da-4be8-97c1-d9f20e5390a5;07cf2123-d639-4f85-8d99-3a49ef9e669f;CATFISH 5k;;5000.00;5000.00;;false;true;2025-12-24 16:27:19.309292+00;2025-12-24 16:27:19.309292+00;58b63489-29ee-476b-b0cb-6722fa0bc196;true
0ccaf660-d4e7-4b4b-8efa-cd9074c26ffe;45578ccb-bca8-4946-96ce-1d7740c9fcb5;IMPERIAL BLUE BIG;;9000.00;9000.00;;false;true;2025-12-24 16:27:19.836442+00;2025-12-24 16:27:19.836442+00;83ead369-2527-4a36-ac2b-ac885e8cdd66;true
91b4e226-8922-4de9-b19f-606cb4fd9922;30c44271-3483-4c36-a4cc-a939d51ce24d;BACARDI BLANCA;;40000.00;40000.00;;false;true;2025-12-24 16:27:20.234442+00;2025-12-24 16:27:20.234442+00;697cdbab-867e-477e-ab82-e24e80bd96e5;true
8ee7278e-c1c3-453a-bb8c-9341d6517af8;f2913036-3b20-4485-bae0-c708d57605e1;BARON DE RUBIS;;8000.00;8000.00;;false;true;2025-12-24 16:27:20.604931+00;2025-12-24 16:27:20.604931+00;ace5a0b1-01b0-43cd-8c44-04866dea643d;true
786f35a0-505d-42c8-9e13-9eeb4696489c;024d7895-6fa8-469b-955b-e5743437ed60;Dâ€™ANGELUS ROSE;;15000.00;15000.00;;false;true;2025-12-24 16:27:20.764701+00;2025-12-24 16:27:20.764701+00;cfa6e17c-d6d5-481f-8f67-a4972d4fc783;true
2b63bf75-a368-4997-b8c6-3cda15c8752a;d3880976-c418-48c1-9134-1a698a508e69;GULDER BOTTLE REG;;1000.00;1000.00;;false;true;2025-12-24 16:27:04.821491+00;2025-12-24 16:27:04.821491+00;02308088-ca50-4b9b-8d65-2e4676b0c40a;true
734adb12-e4f3-4eb6-88ed-37b68f46da76;d3880976-c418-48c1-9134-1a698a508e69;SMALL LEGEND REG;;1600.00;1600.00;;false;true;2025-12-24 16:27:04.938866+00;2025-12-24 16:27:04.938866+00;751c0f50-67ed-441f-a18a-887821a51e65;true
c7c9ce46-7f82-4887-b573-8662b251ac93;d3880976-c418-48c1-9134-1a698a508e69;BIG LEGEND REG;;1200.00;1200.00;;false;true;2025-12-24 16:27:05.103674+00;2025-12-24 16:27:05.103674+00;3e141ae5-227d-477e-86eb-88456c8b1d8c;true
79cf4fdd-f3ab-4799-80b0-79069a657009;d3880976-c418-48c1-9134-1a698a508e69;STAR RADLAR BOTTLE VIP;;1500.00;1500.00;;false;true;2025-12-24 16:27:05.267421+00;2025-12-24 16:27:05.267421+00;fe7afcf1-a56a-4a4b-8e30-70aae5676e6b;true
dabba365-a738-40f2-bb65-2425c8165cda;d3880976-c418-48c1-9134-1a698a508e69;LIFE BOTTLE VIP;;1500.00;1500.00;;false;true;2025-12-24 16:27:05.458246+00;2025-12-24 16:27:05.458246+00;aa1d8e52-cdc8-4985-b239-909a287b8559;true
7da891e3-b046-4bc2-bcba-cfe558a0820b;ba55eff0-514f-41ef-b76f-109d4738c7f8;AMSTEL REG;;1200.00;1200.00;;false;true;2025-12-24 16:27:05.82464+00;2025-12-24 16:27:05.82464+00;36924e31-1904-40fd-8f7f-e7209622e6cf;true
780477d6-f780-45c6-aa85-38779fd53b18;d3880976-c418-48c1-9134-1a698a508e69;MEDIUM STOUT VIP;;1500.00;1500.00;;false;true;2025-12-24 16:27:05.992015+00;2025-12-24 16:27:05.992015+00;2f8c726b-f816-4e27-9151-e19bac237d07;true
fa7b2182-62d3-4814-ae4f-57e41fbdb092;4afbedc9-70f5-40f5-86fd-4fe95e09e67b;ACE ROOT;;1600.00;1600.00;;false;true;2025-12-24 16:27:06.169193+00;2025-12-24 16:27:06.169193+00;2ccefe44-8b11-4326-b592-07715d14a9e8;true
26fad671-90e4-4835-b2cb-976dff7bfe5c;b7b60007-4cb4-4556-803e-daea85aa5bbb;CHIPS;;2000.00;2000.00;;false;true;2025-12-24 16:27:06.344128+00;2025-12-24 16:27:06.344128+00;c6a041c1-83a5-4f0c-9a88-bfe0b7c04a62;true
ce519730-3b17-4262-b41b-62b5129077ce;6c741f72-514e-45d5-958a-78108a5e1650;TIGER BOTTLE REG;;1600.00;1600.00;;false;true;2025-12-24 16:27:06.679694+00;2025-12-24 16:27:06.679694+00;1f2f5d17-2fad-4dfc-b5f4-e165182c5cb6;true
898183d1-57fe-4d56-ad09-43419fada0d7;6c741f72-514e-45d5-958a-78108a5e1650;IMPERIAL CROWN;;1000.00;1000.00;;false;true;2025-12-24 16:27:06.881853+00;2025-12-24 16:27:06.881853+00;8a28963c-39cc-4f9c-a776-c590bb78a925;true
bece910a-eabd-46fb-a641-6e781fd78aa2;6c741f72-514e-45d5-958a-78108a5e1650;V-SMARTIC;;3400.00;3400.00;;false;true;2025-12-24 16:27:07.067124+00;2025-12-24 16:27:07.067124+00;5ba02cd7-55b9-4973-83d9-3e48d6d803b1;true
8119c3b6-4f5f-43c1-a3d4-2d8338fa3e06;2cd0a96e-1abb-4ede-989c-080bb86c823c;TEEM BITTER LEMON;;700.00;700.00;;false;true;2025-12-24 16:27:07.249509+00;2025-12-24 16:27:07.249509+00;9b5b19b7-a01d-40c6-8009-ccd3abcc376d;true
dbd08e3f-1327-4ddb-b768-d79b82ab4df5;3d92eb05-5bc3-4eb4-bc53-060ebbafa980;CHICKEN;;3000.00;3000.00;;false;true;2025-12-24 16:27:07.805594+00;2025-12-24 16:27:07.805594+00;c148c82b-a63c-427c-b63f-4650417ee624;true
55634818-18a3-4113-a868-78bba9f94a05;79d4ec31-3a88-45b8-b9e2-ad80f974288d;COCONUTRICE AND CHICKEN;;4500.00;4500.00;;false;true;2025-12-24 16:27:07.997994+00;2025-12-24 16:27:07.997994+00;194311d6-6d97-4669-b69c-6bc1709b470d;true
7bfbff5a-af66-4502-9272-c0b24b7f60c7;c224db55-b95f-4a85-8e83-f391a5f09de3;DRINKS;;10000.00;10000.00;;false;true;2025-12-24 16:27:08.197777+00;2025-12-24 16:27:08.197777+00;ac450b7d-cd93-4cbf-98e5-14c45eda9627;true
8298a45b-6a63-48fc-9d5b-b0d59e9ecd37;d3880976-c418-48c1-9134-1a698a508e69;LEGEND TWIST bottle;;1400.00;1400.00;;false;true;2025-12-24 16:27:08.403303+00;2025-12-24 16:27:08.403303+00;dbc85174-8d3f-4f1c-a9be-66da0ed79c96;true
77fac79a-103b-44bb-9052-92eb9ebd6818;ce2c4958-66ce-4fe0-8508-ae744e00744b;JAGERMEISTER SMALL;;2000.00;2000.00;;false;true;2025-12-24 16:27:08.585165+00;2025-12-24 16:27:08.585165+00;99f142e8-2ab0-45f4-824d-e42f89613bb5;true
655ec080-d83c-43e7-9f9c-293b108ea8b7;665ecf91-b0ea-4659-9c80-805fae6e2fb7;Empty bottle;;500.00;500.00;;false;true;2025-12-24 16:27:08.935131+00;2025-12-24 16:27:08.935131+00;30874f28-4f1d-446c-9fde-a172a53057b6;true
3b3de91f-24ca-4098-9c23-c0e9aabdaaaf;c9abda73-9c8a-497d-a33f-bc39a503499a;HENNESSY  VS;;100000.00;100000.00;;true;true;2025-12-24 16:26:52.779163+00;2025-12-24 16:26:52.779163+00;1a3f5bfa-86f8-4dc3-b2db-a741a2ae7f21;true
ae05308e-76b1-4d6d-83dc-1321badd981f;79d4ec31-3a88-45b8-b9e2-ad80f974288d;WHITE RICE;;2000.00;2000.00;;true;true;2025-12-24 16:27:01.350576+00;2025-12-24 16:27:01.350576+00;93858cbe-a26f-4e8d-852b-d0b6ef3f79f9;true
c59ef394-230a-4e22-bbb0-0554913cfe0b;79d4ec31-3a88-45b8-b9e2-ad80f974288d;JOLLOF RICE AND BEEF;;4000.00;4000.00;;false;true;2025-12-24 16:26:59.692666+00;2025-12-24 16:26:59.692666+00;484256e9-648b-42bb-89e0-7353f3d71a92;true
cab5e747-c8ed-48e9-86fc-67354f2947de;79d4ec31-3a88-45b8-b9e2-ad80f974288d;BASMATI RICE;;2000.00;2000.00;;false;true;2025-12-24 16:27:00.078036+00;2025-12-24 16:27:00.078036+00;e365099b-f3e7-4644-af68-a8dd76b02191;true
cd415018-339d-4c00-b5a2-993d813de85e;79d4ec31-3a88-45b8-b9e2-ad80f974288d;FRIED RICE AND JUMBO CHICKEN;;4300.00;4300.00;;false;true;2025-12-24 16:27:00.333548+00;2025-12-24 16:27:00.333548+00;3690af7d-f7cb-4456-bbaa-209bc014d8ad;true
69b57181-c9f0-41d8-9caa-9ab11d2158df;01788e9d-0a91-4260-a458-fb830293e3a2;GIACOBAZZI;;10000.00;10000.00;;false;true;2025-12-24 16:27:00.56117+00;2025-12-24 16:27:00.56117+00;60020ab7-2934-4234-9ad7-0d7f01f82a5b;true
4c34b4ac-ad0a-453c-b2cc-345fb1085f9a;79d4ec31-3a88-45b8-b9e2-ad80f974288d;JOLLOF RICE AND SNAILS;;3500.00;3500.00;;false;true;2025-12-24 16:27:00.785665+00;2025-12-24 16:27:00.785665+00;836fb633-91b7-4130-9da9-b7e1da07fbbe;true
f916c6a1-48c0-4a03-82b7-a595996b82ad;b511dcbb-8671-4c86-9f71-110b2dce5937;FANTA PET;;500.00;500.00;;false;true;2025-12-24 16:27:01.242287+00;2025-12-24 16:27:01.242287+00;6fae15ad-5f10-49e3-aac8-821c09aa93ac;true
f947102b-30ad-409c-99d2-eadfaada0cea;adf36f4e-64b7-4a19-be1d-2820caed6103;BANANA AVACADO AND APPLE;;2500.00;2500.00;;false;true;2025-12-24 16:27:01.477898+00;2025-12-24 16:27:01.477898+00;b8f4ba98-4d22-417d-869e-63b659302401;true
194d0a4f-7528-4eb4-9b14-a05cb8b30265;024d7895-6fa8-469b-955b-e5743437ed60;GLACOBAZZI;;15000.00;15000.00;;false;true;2025-12-24 16:27:01.591596+00;2025-12-24 16:27:01.591596+00;155465a3-4310-4e77-93ef-8077e54a4894;true
d02d8cdb-9c28-4037-9fba-78eb947b81f2;f2913036-3b20-4485-bae0-c708d57605e1;RIUNITE;;9000.00;9000.00;;false;true;2025-12-24 16:27:01.796773+00;2025-12-24 16:27:01.796773+00;195e6212-d163-4640-8f51-d473dd099f6b;true
5764725c-ea2f-4656-a6e1-1a3161ca8538;f2913036-3b20-4485-bae0-c708d57605e1;ROTWILD;;15000.00;15000.00;;false;true;2025-12-24 16:27:01.914387+00;2025-12-24 16:27:01.914387+00;e6499ea4-9d8c-433b-8615-6261d0f4d9e0;true
d6949433-b753-459c-a76b-4f1ba10e44aa;024d7895-6fa8-469b-955b-e5743437ed60;J&W COCTAIL;;8000.00;8000.00;;false;true;2025-12-24 16:27:02.028214+00;2025-12-24 16:27:02.028214+00;7f304cc8-f8e4-4d4c-83b7-3702a4f64034;true
1461987c-2a77-4367-bd70-0b266b176e69;eac721ea-368a-431b-b3b3-51c2118658dd;CAPRI-SUN 200ml;;500.00;500.00;;false;true;2025-12-24 16:27:02.130782+00;2025-12-24 16:27:02.130782+00;c644570a-4a9e-44fb-8b1f-1407c26d2164;true
7710782f-2398-4135-9336-00cdb827a9d4;79d4ec31-3a88-45b8-b9e2-ad80f974288d;COCONUTRICE AND JOMBO WINGS;;5000.00;5000.00;;false;true;2025-12-24 16:27:02.229207+00;2025-12-24 16:27:02.229207+00;3b80233c-6b6c-49fc-91e9-4182a7ae7bd3;true
57c7bc8f-13b9-4a6f-9ae8-d4cf76eba524;dce35da1-db2f-4a4b-ace2-d458b5b382a2;JACK  WILLAMS RED OCEAN;;10000.00;10000.00;;false;true;2025-12-24 16:27:02.440061+00;2025-12-24 16:27:02.440061+00;4a26e6ca-44c9-4173-aafe-4ae9e484e75a;true
9a28b2e9-9889-4be1-8d7d-ae6934a58634;3d92eb05-5bc3-4eb4-bc53-060ebbafa980;EXTRA FISH;;2000.00;2000.00;;false;true;2025-12-24 16:27:02.537093+00;2025-12-24 16:27:02.537093+00;3da7513a-008b-4b5c-9e93-020c994f5a10;true
cd56ed89-5935-4427-a0de-54f4078e7f8a;d3880976-c418-48c1-9134-1a698a508e69;LEGEND TWIST Can;;1200.00;1200.00;;false;true;2025-12-24 16:27:02.624771+00;2025-12-24 16:27:02.624771+00;9b78d684-a344-453b-bef3-34b693f6533c;true
ec34817f-0f3a-4496-9116-adb7337a4f10;d3880976-c418-48c1-9134-1a698a508e69;HEINEKEN BOTTLE REGULAR;;2200.00;2200.00;;false;true;2025-12-24 16:27:02.895461+00;2025-12-24 16:27:02.895461+00;cc0840b9-91c5-4935-9422-be00872c60d9;true
d6ea7140-c2c2-46b6-9616-66c4895f9b98;d3880976-c418-48c1-9134-1a698a508e69;BUDWEISER BOTTLE VIP;;1500.00;1500.00;;false;true;2025-12-24 16:27:03.003298+00;2025-12-24 16:27:03.003298+00;4ae65e90-2d1e-4680-b0eb-d5fee4ae2a7c;true
09f072d6-8e9a-4793-8005-d40574232f0f;d3880976-c418-48c1-9134-1a698a508e69;BUDWEISER BOTTLE REGULAR;;1700.00;1700.00;;false;true;2025-12-24 16:27:03.093313+00;2025-12-24 16:27:03.093313+00;bfccda6a-50b4-41c2-847c-f85729cb0968;true
ccb61fef-6079-4eeb-a322-6e525954cb25;d3880976-c418-48c1-9134-1a698a508e69;BIG STOUT BOTTLE VIP;;1800.00;1800.00;;false;true;2025-12-24 16:27:03.195487+00;2025-12-24 16:27:03.195487+00;b40bbb4f-04fa-4107-9da2-148aea50f83e;true
d3bf6e9f-af05-48b2-8453-8e4e08b0dfa0;d3880976-c418-48c1-9134-1a698a508e69;DESPERADOS BOTTLE VIP;;1500.00;1500.00;;false;true;2025-12-24 16:27:03.400642+00;2025-12-24 16:27:03.400642+00;f2787ce4-a116-4268-8386-e0508c366efb;true
8ef411a7-eb22-406e-bb34-a41dbbadfa3a;d3880976-c418-48c1-9134-1a698a508e69;DESPERADOS BOTTLE REGULAR;;2000.00;2000.00;;false;true;2025-12-24 16:27:03.505019+00;2025-12-24 16:27:03.505019+00;d95ec67a-3c13-48ce-92ff-72050a561279;true
4270cd8e-5e12-4b6e-b6f3-946cc68923de;d3880976-c418-48c1-9134-1a698a508e69;LEGEND BOTTLE VIP;;1500.00;1500.00;;false;true;2025-12-24 16:27:03.614105+00;2025-12-24 16:27:03.614105+00;f0cc7288-d9d7-42cc-8ee0-f75199319cff;true
b53551c6-b2df-4465-b2ed-7978a68fa965;d3880976-c418-48c1-9134-1a698a508e69;BIG LEGEND BOTTLE REGULAR;;2000.00;2000.00;;false;true;2025-12-24 16:27:03.717845+00;2025-12-24 16:27:03.717845+00;400412b0-df37-4959-b296-8f3e3bb7e3cd;true
12fdf20a-e898-49f9-afa3-5f28d5655a51;d3880976-c418-48c1-9134-1a698a508e69;HERO BOTTLE VIP;;1200.00;1200.00;;false;true;2025-12-24 16:27:03.916007+00;2025-12-24 16:27:03.916007+00;9a4ffe57-0edf-493a-a1e6-91e7a0e38d30;true
2c388c9d-581b-426f-af22-96fe9c2c2d2b;d3880976-c418-48c1-9134-1a698a508e69;CASTLE LITE VIP;;1500.00;1500.00;;false;true;2025-12-24 16:27:04.017227+00;2025-12-24 16:27:04.017227+00;a598b742-607d-41ce-9a25-260019b5c890;true
21e345f2-f129-4c03-8a6b-1ef74e664fc2;d3880976-c418-48c1-9134-1a698a508e69;CASTLE LITE REG;;1600.00;1600.00;;false;true;2025-12-24 16:27:04.12743+00;2025-12-24 16:27:04.12743+00;d0a36abb-74aa-4960-b509-7384b3bd9b54;true
bc3fcc8f-b275-42ea-9e7b-ba0b7aecad81;d3880976-c418-48c1-9134-1a698a508e69;EAGLE LAGER VIP;;1500.00;1500.00;;false;true;2025-12-24 16:27:04.223563+00;2025-12-24 16:27:04.223563+00;df5b9c12-12ff-47bc-99e6-924ed2810328;true
66842ec6-bdc5-447c-ad2f-ed32be02f321;d3880976-c418-48c1-9134-1a698a508e69;TROPHY BOTTLE VIP;;1500.00;1500.00;;false;true;2025-12-24 16:27:04.389822+00;2025-12-24 16:27:04.389822+00;073f87a6-566f-4186-b86b-ddbe7c891f70;true
58f70486-52c0-4151-beb8-4d51e7f39eef;d3880976-c418-48c1-9134-1a698a508e69;TROPHY stout BOTTTLE REG;;1600.00;1600.00;;false;true;2025-12-24 16:27:04.47929+00;2025-12-24 16:27:04.47929+00;b4f6abca-d7d7-479f-a03e-57bd8b53fa4d;true
b4425430-7e6c-42cd-b0a4-c629aa8d8ec7;d3880976-c418-48c1-9134-1a698a508e69;STAR BOTTLE REG;;1800.00;1800.00;;false;true;2025-12-24 16:27:04.558761+00;2025-12-24 16:27:04.558761+00;1aa13ff5-9cd6-4d65-a003-f1e6d254f5a5;true
1a1fe654-e01b-4959-93ac-28aff99bbcc5;d3880976-c418-48c1-9134-1a698a508e69;STAR BOTTLE VIP;;1500.00;1500.00;;false;true;2025-12-24 16:27:04.645876+00;2025-12-24 16:27:04.645876+00;53dcaecd-6dd8-4283-bdcc-76b6a59118d1;true
0a41217c-14ea-45a5-bc82-08a1da62bd4f;79d4ec31-3a88-45b8-b9e2-ad80f974288d;EGUSI SOUP AND FISH;;7500.00;7500.00;;true;true;2025-12-24 16:27:11.548045+00;2025-12-24 16:27:11.548045+00;800552dd-e81b-4e20-87f4-8a498b910682;true
277aa7d1-38b5-4b3e-af17-1ebf03c28ce7;d3f474dd-d930-4561-8532-241847e4755c;HOLLANDIA YOGHURT  PLAIN;;3400.00;3400.00;;true;true;2025-12-24 16:27:06.512918+00;2025-12-24 16:27:06.512918+00;115cb5b8-70e1-478c-8712-a02e59fb3638;true
5bc1fdbf-4c09-443d-a0f0-0f4b91b52c64;d3880976-c418-48c1-9134-1a698a508e69;SMIRNOFF ICE BIG;;2200.00;2200.00;;true;true;2025-12-24 16:27:09.611463+00;2025-12-24 16:27:09.611463+00;7f504ca5-e2f9-406d-a434-605b823a6f93;true
67393a7c-7c6c-4a0d-8916-9f58258e4e0d;d3880976-c418-48c1-9134-1a698a508e69;SMIRNOFF BLACK ICE BOTTLE;;1800.00;1800.00;;true;true;2025-12-24 16:27:09.898526+00;2025-12-24 16:27:09.898526+00;22acaff7-50d3-4c0a-8891-9c49df52887b;true
1f5ae1ab-2dd0-454a-bd9d-b47a5649ed20;45578ccb-bca8-4946-96ce-1d7740c9fcb5;TEELING  WHISKEY SINGLE MALT;;90000.00;90000.00;;true;true;2025-12-24 16:27:24.81291+00;2025-12-24 16:27:24.81291+00;72730a95-e167-4178-b97f-ea779d5806dc;true
416bdeea-f7a7-4fba-89b4-05da3167ae9c;c9abda73-9c8a-497d-a33f-bc39a503499a;GLENMORANGIE 10YRS;;80000.00;80000.00;;true;true;2025-12-24 16:26:52.892298+00;2025-12-24 16:26:52.892298+00;c0d6b5c3-e358-4887-aabd-8433ada1e755;true
709e60de-7252-4ffd-8a92-d299ae8dbbce;c9abda73-9c8a-497d-a33f-bc39a503499a;GLENFIDDICH 21YRS;;450000.00;450000.00;;true;true;2025-12-24 16:26:53.002838+00;2025-12-24 16:26:53.002838+00;2373716c-89a0-459d-85f4-4d0d79f69262;true
53e3a19c-0b4f-4c7d-b1f2-9bbbc854f2fe;c9abda73-9c8a-497d-a33f-bc39a503499a;VEUVE CLIQUOT;;160000.00;160000.00;;true;true;2025-12-24 16:26:53.208962+00;2025-12-24 16:26:53.208962+00;4ac4a492-d5c6-4b6f-9613-2265275d5610;true
cf8bfdc7-8c12-4ae7-9f05-9c253a01172f;c9abda73-9c8a-497d-a33f-bc39a503499a;MARTELL BLUE SWIFT;;150000.00;150000.00;;true;true;2025-12-24 16:26:53.309572+00;2025-12-24 16:26:53.309572+00;62af768f-477c-4da8-9795-0101fc862359;true
18e77191-ad2b-4055-ba79-eb1decef74de;d3880976-c418-48c1-9134-1a698a508e69;33 BOTTLE VIP;;1500.00;1500.00;;false;true;2025-12-24 16:27:05.622613+00;2025-12-24 16:27:05.622613+00;bc7b4947-465c-41a2-852f-15e71a1d23ba;true
f8f406bc-6b98-4a60-bd6d-6958acc06d27;9c69d244-25d9-4494-a94e-dd6946fedcdc;TILAPIA FISH BARBEQUE 10K;;10000.00;10000.00;;false;true;2025-12-24 16:27:09.022924+00;2025-12-24 16:27:09.022924+00;c9ac7490-55ba-455b-ae5d-462f01c88bf7;true
eeff4402-fc34-461e-bbc3-b19dfd557f5f;0c6847d9-70bd-4910-936f-ad7f402ca80a;PINEAPPLE & WATERMELON;;2500.00;2500.00;;false;true;2025-12-24 16:27:09.211042+00;2025-12-24 16:27:09.211042+00;74e6e7a6-3e2d-40c8-8ad5-442bd159c33d;true
87774f90-483b-4284-a7ad-f9c76490283a;79d4ec31-3a88-45b8-b9e2-ad80f974288d;EGUSI WITH BEEF;;6500.00;6500.00;;false;true;2025-12-24 16:27:09.39359+00;2025-12-24 16:27:09.39359+00;8c60fe5a-5cc7-40f5-84f6-d9e3345b7c92;true
2127d7bc-f148-4ad6-a516-09906e26170c;9c69d244-25d9-4494-a94e-dd6946fedcdc;TILAPIA FISH BARBEQUE 9,500;;9500.00;9500.00;;false;true;2025-12-24 16:27:10.092753+00;2025-12-24 16:27:10.092753+00;331940bc-56ff-497d-ba1b-530dc9c07bdc;true
2d35bab0-632d-4167-8ea0-2d98ec2e1079;9c69d244-25d9-4494-a94e-dd6946fedcdc;TILAPIAFISH BARBECUE 15K;;15000.00;15000.00;;false;true;2025-12-24 16:27:10.270884+00;2025-12-24 16:27:10.270884+00;7fe807a5-6dbe-475c-a52f-384280323ea2;true
6c78c1dd-7c98-4ce3-8646-8f3850f4b5ba;9c69d244-25d9-4494-a94e-dd6946fedcdc;SHAWARMA BEEF;;2500.00;2500.00;;false;true;2025-12-24 16:27:10.476606+00;2025-12-24 16:27:10.476606+00;503f1351-38d7-4630-81dd-5cf7985aa866;true
eeaa4501-651d-4cfd-8a19-bb04ece7bd10;f2913036-3b20-4485-bae0-c708d57605e1;STAR CHASER;;8000.00;8000.00;;false;true;2025-12-24 16:27:10.679009+00;2025-12-24 16:27:10.679009+00;93f080d8-c214-4511-be8c-84ec28ffa8b2;true
44127675-539c-4542-ad44-901eb36de316;9c69d244-25d9-4494-a94e-dd6946fedcdc;TILAPIAFISH BARBECUE 14K;;14000.00;14000.00;;false;true;2025-12-24 16:27:10.89929+00;2025-12-24 16:27:10.89929+00;c0f2819a-7f0c-4c30-919d-c0ce9a9f184a;true
9ee7e869-031d-40cf-ab47-59a7e34a4a8e;9c69d244-25d9-4494-a94e-dd6946fedcdc;TILAPIA BERBECUE 11,500;;11500.00;11500.00;;false;true;2025-12-24 16:27:11.103693+00;2025-12-24 16:27:11.103693+00;d1071a1a-5ab1-41a4-8cb8-e24408639def;true
47d65f6a-7b48-4222-b3a1-098efb501c0d;f2913036-3b20-4485-bae0-c708d57605e1;MASSIMO;;15000.00;15000.00;;false;true;2025-12-24 16:27:11.286574+00;2025-12-24 16:27:11.286574+00;48136c8d-7c2b-4b50-a0ce-dee26824c3dc;true
a614af85-1487-48da-bdb4-c232f0b470cf;79d4ec31-3a88-45b8-b9e2-ad80f974288d;UKWA AND BEEF;;4500.00;4500.00;;false;true;2025-12-24 16:27:11.822356+00;2025-12-24 16:27:11.822356+00;9ad9083f-3070-4fa0-b62c-5932f000b408;true
9800b2ec-7185-48d3-b09b-9d3db76ac510;9c69d244-25d9-4494-a94e-dd6946fedcdc;TILAPIAFISH BARBECUE 4K;;4000.00;4000.00;;false;true;2025-12-24 16:27:12.079806+00;2025-12-24 16:27:12.079806+00;7b6872f8-2b84-477f-b0c4-bd495559fb70;true
07445859-d1a8-47cd-929d-bb085c82985a;9c69d244-25d9-4494-a94e-dd6946fedcdc;TILAPIA 4K;;4000.00;4000.00;;false;true;2025-12-24 16:27:12.315825+00;2025-12-24 16:27:12.315825+00;d5b6cc56-0ca6-4339-95d5-5d0d582f4f8f;true
3fb1ecba-edfb-4f7c-961d-7e214c55fb2a;3d92eb05-5bc3-4eb4-bc53-060ebbafa980;shrimps lopster;;8000.00;8000.00;;false;true;2025-12-24 16:27:12.58698+00;2025-12-24 16:27:12.58698+00;b2bdb163-2c4c-4764-8945-d71571d84e34;true
4e2d52d3-330a-43c5-ad59-9adea87186b5;024d7895-6fa8-469b-955b-e5743437ed60;VINUT GUAVA;;2000.00;2000.00;;false;true;2025-12-24 16:27:12.987094+00;2025-12-24 16:27:12.987094+00;780a234a-6f30-4d65-94a6-b51b72eb6309;true
041c6869-2181-4483-9657-8829b53abc06;024d7895-6fa8-469b-955b-e5743437ed60;FELIZA WHITE;;10000.00;10000.00;;false;true;2025-12-24 16:27:13.210229+00;2025-12-24 16:27:13.210229+00;634da9b0-6656-4c5d-94ce-1a7b81b093a7;true
ddba6596-96ba-4b0b-afc9-34d78ce3f39b;024d7895-6fa8-469b-955b-e5743437ed60;VINUT ORANGE;;2000.00;2000.00;;false;true;2025-12-24 16:27:13.400075+00;2025-12-24 16:27:13.400075+00;22c07ec5-06ce-4e5a-bf61-7e3445b56761;true
b9813116-51de-4ea8-a245-e7a965682e9a;4afbedc9-70f5-40f5-86fd-4fe95e09e67b;VINO GANO;;1200.00;1200.00;;false;true;2025-12-24 16:27:13.584108+00;2025-12-24 16:27:13.584108+00;7ac7bb5a-6067-4023-85d6-4198973918c5;true
24af6a60-cd2d-4958-9f29-2eca8585c99b;4afbedc9-70f5-40f5-86fd-4fe95e09e67b;3D JEDI;;1000.00;1000.00;;false;true;2025-12-24 16:27:22.488238+00;2025-12-24 16:27:22.488238+00;719c52a5-88a6-48dd-86b8-9f8aac27e015;true
8b73fd74-0014-4bc1-962c-29f45ca0455e;4afbedc9-70f5-40f5-86fd-4fe95e09e67b;3D BITTERS;;1000.00;1000.00;;false;true;2025-12-24 16:27:22.682699+00;2025-12-24 16:27:22.682699+00;3e77c993-d33f-4d63-8fa2-e260fcc64091;true
529f09c6-e649-4068-9da7-635994c42052;b511dcbb-8671-4c86-9f71-110b2dce5937;SOSA DRINK;;600.00;600.00;;false;true;2025-12-24 16:27:22.880807+00;2025-12-24 16:27:22.880807+00;766947cd-65dd-4eed-9ec4-8df1beec5474;true
d7a0b01e-43e6-4470-bc5e-72d8e3e86160;b511dcbb-8671-4c86-9f71-110b2dce5937;BIGI LEMON;;400.00;400.00;;false;true;2025-12-24 16:27:23.07907+00;2025-12-24 16:27:23.07907+00;a4ddc02b-6dbe-44d4-a4f8-d53f2cb06d6f;true
f880d718-dd82-46da-bcc2-972110f1a983;c1f1a54f-abb5-4711-9822-b53d4dabb678;CATFISH 22K;;22000.00;22000.00;;false;true;2025-12-24 16:27:23.255564+00;2025-12-24 16:27:23.255564+00;47eaa908-55f7-4db5-b487-a5f5c0f2bb27;true
b450579b-b10a-4f64-bb4f-4377020eec18;ce2c4958-66ce-4fe0-8508-ae744e00744b;KUEMERELING MEDIUM;;13000.00;13000.00;;false;true;2025-12-24 16:27:23.420323+00;2025-12-24 16:27:23.420323+00;8f65ffd4-fd6d-4708-ad10-afd028ffce1c;true
dccaafc4-5b0a-4d1e-a253-5ff4c0d26866;30c44271-3483-4c36-a4cc-a939d51ce24d;DEAD MAN FINGER;;19000.00;19000.00;;false;true;2025-12-24 16:27:23.603121+00;2025-12-24 16:27:23.603121+00;799feb21-3e95-420a-9eb8-25147a95f629;true
55e3ad52-6376-46ac-9c70-63efa6844635;07cf2123-d639-4f85-8d99-3a49ef9e669f;FULL GRILLED CHICKEN;;20000.00;20000.00;;false;true;2025-12-24 16:27:23.783645+00;2025-12-24 16:27:23.783645+00;82447d24-6053-412e-ba57-57e4e1f40dfd;true
d800e8cd-cfdb-459e-89db-7b898d0373a8;45578ccb-bca8-4946-96ce-1d7740c9fcb5;MARTEL VS;;85000.00;85000.00;;false;true;2025-12-24 16:27:23.968872+00;2025-12-24 16:27:23.968872+00;1cede08b-a411-435b-83b8-530a1c804030;true
dfb9e4b8-d1e0-48b5-a06b-0a04e4a97a4d;f2913036-3b20-4485-bae0-c708d57605e1;APOTHIC;;30000.00;30000.00;;false;true;2025-12-24 16:27:24.306426+00;2025-12-24 16:27:24.306426+00;3e2ba31b-5bc1-4932-a6c9-bc44689a5caa;true
708fea69-605a-4667-abb8-cb652002fe14;f2913036-3b20-4485-bae0-c708d57605e1;SCARLET;;15000.00;15000.00;;false;true;2025-12-24 16:27:24.491739+00;2025-12-24 16:27:24.491739+00;5ee38afb-6a56-4060-883b-cb078452e9fc;true
5b5e4f8f-f777-40b0-88d7-272afb6e15fb;45578ccb-bca8-4946-96ce-1d7740c9fcb5;THE MACALLAN 12YRS;;130000.00;130000.00;;false;true;2025-12-24 16:27:24.651322+00;2025-12-24 16:27:24.651322+00;7ff7cb1c-bc4f-4837-9ab7-0e2ef4a5b03a;true
8d528f34-5478-4256-a3cd-e48baeb417e5;79d4ec31-3a88-45b8-b9e2-ad80f974288d;FRIED RICE;;2500.00;2500.00;;false;true;2025-12-24 16:27:24.969058+00;2025-12-24 16:27:24.969058+00;5469186e-0d12-437e-b8ef-7d9754349716;true
0d811d9f-266d-4e57-a0ea-d0b13fc6afa2;79d4ec31-3a88-45b8-b9e2-ad80f974288d;BITTERLEAF SOUP AND SNAIL;;4000.00;4000.00;;true;true;2025-12-24 16:27:07.713305+00;2025-12-24 16:27:07.713305+00;c05edd6c-211a-4f9d-858f-bf3c99f2148b;true
993c0a49-d1da-4142-9e5e-490c4d8ea8dd;79d4ec31-3a88-45b8-b9e2-ad80f974288d;BANGA SOUP AND TURKEY;;5500.00;5500.00;;true;true;2025-12-24 16:27:02.718615+00;2025-12-24 16:27:02.718615+00;908cf1a5-e8c6-4301-b8f7-c29007585bff;true
56124bf0-34f4-4e6d-988b-476324ef5e49;79d4ec31-3a88-45b8-b9e2-ad80f974288d;BANGA SOUP AND GOAT MEAT;;4000.00;4000.00;;true;true;2025-12-24 16:27:19.574577+00;2025-12-24 16:27:19.574577+00;39ceff55-80fc-4000-b585-989b61e9315f;true
c3d470cd-4e13-4ad4-895a-9f27d73ab349;79d4ec31-3a88-45b8-b9e2-ad80f974288d;OKRO SOUP AND BEEF;;3000.00;3000.00;;true;true;2025-12-24 16:26:59.787978+00;2025-12-24 16:26:59.787978+00;402c8f0b-b8ad-4b49-9328-545548d2e8d3;true
7290b589-ec17-44de-8b49-93aa446cad56;79d4ec31-3a88-45b8-b9e2-ad80f974288d;OKRO SOUP AND SNAIL;;9500.00;9500.00;;true;true;2025-12-24 16:27:08.778999+00;2025-12-24 16:27:08.778999+00;7c2f76b5-c730-424e-a296-981c8b983bc9;true
e99809c5-ebeb-4c38-bdf5-c0d70da1cf08;79d4ec31-3a88-45b8-b9e2-ad80f974288d;NATIVE SOUP;;10000.00;10000.00;;true;true;2025-12-24 16:27:19.65638+00;2025-12-24 16:27:19.65638+00;42f36ee2-d9fb-43f5-a684-867d00111f2c;true
5d2519fb-741b-4e72-a637-c4c1debebadd;79d4ec31-3a88-45b8-b9e2-ad80f974288d;VEGETABLE SOUP;;5000.00;5000.00;;true;true;2025-12-24 16:27:00.874134+00;2025-12-24 16:27:00.874134+00;2425f706-db8f-42de-a1cd-73fc26188b41;true
aadbbc29-114c-47c9-a86b-a442489d76a7;873d6a56-5e64-48de-a6ea-fa2e12b56ce7;AFANG SOUP WITH SNAIL;;6000.00;6000.00;;true;true;2025-12-24 16:27:17.737147+00;2025-12-24 16:27:17.737147+00;3d2a970b-3ee6-4e62-89a4-bd09f154e0ff;true
5d0ac819-2fb3-49c0-b99a-e84e027efa26;50fe18e7-ff60-4e53-bf85-5d5141061806;AFANG WITH SNAIL;;4500.00;4500.00;;true;true;2025-12-24 16:27:15.415131+00;2025-12-24 16:27:15.415131+00;79c52985-71f6-47b7-ba4b-7d7a41bd2a7e;true
3af6bcca-ee56-47a5-a312-42254c14428d;ae0dc08e-9e67-495d-87ea-25b9f453f2ad;PEPPERED MEAT 1000;;1000.00;1000.00;;true;true;2025-12-24 16:27:13.899051+00;2025-12-24 16:27:13.899051+00;a24ac4f5-0abf-4fcb-aa9f-4e4f9c0792db;true
bc78a6cb-ba43-4322-a705-5ce572e69890;79d4ec31-3a88-45b8-b9e2-ad80f974288d;CATFISH PEPPERSOUP AND RICE;;4000.00;4000.00;;true;true;2025-12-24 16:27:07.43408+00;2025-12-24 16:27:07.43408+00;bb24aa63-829d-4c6a-92ca-0bf7e2920cba;true
b9cb1575-b83a-44e2-9c21-683953bd3386;d3f474dd-d930-4561-8532-241847e4755c;Peak yoghurt;;2500.00;2500.00;;true;true;2025-12-24 16:27:21.198229+00;2025-12-24 16:27:21.198229+00;b5ddc034-ca33-47d0-9096-bffb01e61a7a;true
f142312c-1d22-4c22-8f12-a8171f1baec9;ba55eff0-514f-41ef-b76f-109d4738c7f8;BETA MALT BOTTLE;;1000.00;1000.00;;true;true;2025-12-24 16:27:14.299901+00;2025-12-24 16:27:14.299901+00;45212f55-f216-4654-981b-6a4ba8a2233b;true
17b3a38f-6392-4b78-ad35-201ec5007804;ba55eff0-514f-41ef-b76f-109d4738c7f8;BETA MALT CAN;;1000.00;1000.00;;true;true;2025-12-24 16:27:11.662723+00;2025-12-24 16:27:11.662723+00;bbccaa8c-c7f7-43f2-b5d6-779920c52d7b;true
fff07dbe-5487-4c9b-b342-b6a6f0393738;ba55eff0-514f-41ef-b76f-109d4738c7f8;MALTA GUINNESS CAN;;1200.00;1200.00;;true;true;2025-12-24 16:27:11.931257+00;2025-12-24 16:27:11.931257+00;6c4ceabd-89f0-4db2-94a8-7e2b335b6978;true
52c53f15-24d2-4768-98de-d2498ff9cf19;ba55eff0-514f-41ef-b76f-109d4738c7f8;MALTINA REG;;1200.00;1200.00;;true;true;2025-12-24 16:27:06.259648+00;2025-12-24 16:27:06.259648+00;1cea5af5-1def-48d2-9e72-0c87f04733d9;true
d6a91dc1-1261-436a-a351-5b05bcef9ed2;ba55eff0-514f-41ef-b76f-109d4738c7f8;MALTINA BOTTLE;;500.00;500.00;;true;true;2025-12-24 16:27:05.729084+00;2025-12-24 16:27:05.729084+00;04b9743a-472b-4287-baaf-52a29a46633a;true
18768731-9498-4259-9821-a24ce9cf7659;d3880976-c418-48c1-9134-1a698a508e69;SMALL SMIRNOFF ICE BOTTLE REG;;1200.00;1200.00;;true;true;2025-12-24 16:27:07.530017+00;2025-12-24 16:27:07.530017+00;d63d401d-411f-4bd7-99ed-97243f5f4954;true
dc926df8-8789-49de-9760-88c620e38ce1;8ed0f4df-5c5f-42e8-a4d2-0b7968cd053b;GORDONS CAN;;2000.00;2000.00;;true;true;2025-12-24 16:27:20.033461+00;2025-12-24 16:27:20.033461+00;0c158159-fe2e-4234-9aac-28fb83a59269;true
02adbe14-526b-40b4-b9a7-0a683b93ab19;8ed0f4df-5c5f-42e8-a4d2-0b7968cd053b;GORDONS WHITE BIG;;15000.00;15000.00;;true;true;2025-12-24 16:27:22.057492+00;2025-12-24 16:27:22.057492+00;f25cc76f-3202-410d-8d14-8edb92efc114;true
9a75c218-6de2-44e6-845f-2ced430ad5f5;8ed0f4df-5c5f-42e8-a4d2-0b7968cd053b;GORDONS MEDIUM;;5000.00;5000.00;;true;true;2025-12-24 16:27:14.998813+00;2025-12-24 16:27:14.998813+00;eda0bec0-3409-48ab-9573-4d006ea2dc07;true
db3fde4b-188d-4a47-9ad9-43558d036e1e;9c69d244-25d9-4494-a94e-dd6946fedcdc;TILAPIA FISH BARBECUE 6500;;6500.00;6500.00;;false;true;2025-12-24 16:27:07.611425+00;2025-12-24 16:27:07.611425+00;98f9fa10-45b0-48e7-ad12-6fe8cb150bbb;true
4f496431-7b29-4bec-8d25-970f4fe563cb;9c69d244-25d9-4494-a94e-dd6946fedcdc;CAT FISH BARBEQUE;;5000.00;5000.00;;false;true;2025-12-24 16:27:09.110927+00;2025-12-24 16:27:09.110927+00;9710a4c2-95c9-4d5e-89ce-ce6a7870cfe8;true
c55fde2e-3bb6-4de7-8686-9bcd3d75a444;6c4b1cbd-a182-4a7f-8b9d-c9b3fb924931;BEEHIVE;;28000.00;28000.00;;false;true;2025-12-24 16:27:09.514597+00;2025-12-24 16:27:09.514597+00;7e65a7df-6369-4f48-81e7-f4e9f679aae3;true
72e3de78-42c8-4854-bdd1-abc67e1b46c4;d3880976-c418-48c1-9134-1a698a508e69;GUINNESS SMOOTH BOTTLE;;1800.00;1800.00;;false;true;2025-12-24 16:27:09.782788+00;2025-12-24 16:27:09.782788+00;f201b5ce-a3d8-4a0c-abb8-72443d593753;true
d17a0bc4-33fe-47a6-a3ba-ef28ae58d87a;9c69d244-25d9-4494-a94e-dd6946fedcdc;TILAPIA FISH BARBEQUE 12K;;12000.00;12000.00;;false;true;2025-12-24 16:27:09.998647+00;2025-12-24 16:27:09.998647+00;5b0d119d-0681-4e9c-9188-947980aad7e7;true
f109a095-d8c5-4c7b-a379-1bf758cc5f39;9c69d244-25d9-4494-a94e-dd6946fedcdc;TILAPIA FISH BARBEQUE 12,500;;12500.00;12500.00;;false;true;2025-12-24 16:27:10.182299+00;2025-12-24 16:27:10.182299+00;bcbf7557-330b-4787-b71e-3d213b2a349c;true
e418701c-056e-44ae-91b9-8049c51a7ba1;9c69d244-25d9-4494-a94e-dd6946fedcdc;CHICKEN BERBECUE;;4000.00;4000.00;;false;true;2025-12-24 16:27:10.368297+00;2025-12-24 16:27:10.368297+00;0ceafefd-5707-4a5a-b526-914461375989;true
e3cb0517-4236-4335-9ad7-176d73b2345a;9c69d244-25d9-4494-a94e-dd6946fedcdc;SHAWARMA CHICKEN;;3000.00;3000.00;;false;true;2025-12-24 16:27:10.580779+00;2025-12-24 16:27:10.580779+00;5d87541a-82d4-42ba-92a6-28884f251855;true
eece6d2a-ab78-4be8-a5f1-6fca5825648d;9c69d244-25d9-4494-a94e-dd6946fedcdc;TILAPIAFISH BARBECUE 10,500;;10500.00;10500.00;;false;true;2025-12-24 16:27:10.79094+00;2025-12-24 16:27:10.79094+00;859b41fe-8241-4e9c-9318-afc90bb26317;true
1d402ec9-3ab1-42a8-bfac-d7eb38112c64;9c69d244-25d9-4494-a94e-dd6946fedcdc;TILAPIA FISH BARBEQUE 13,500;;13500.00;13500.00;;false;true;2025-12-24 16:27:11.010577+00;2025-12-24 16:27:11.010577+00;89130763-f893-4de2-9c97-da42ad2b8fc1;true
813d6882-5218-4b03-9255-8d9e2ceb7575;9c69d244-25d9-4494-a94e-dd6946fedcdc;TILAPIA FISH BARBEQUE 14,500;;14500.00;14500.00;;false;true;2025-12-24 16:27:11.200671+00;2025-12-24 16:27:11.200671+00;0d939347-d08f-442d-abdc-3f96ad048604;true
c1d5c28c-5725-410e-a265-aadb62f8a42a;9c69d244-25d9-4494-a94e-dd6946fedcdc;TILAPIA FISH BERBECUE 13K;;13000.00;13000.00;;false;true;2025-12-24 16:27:11.383521+00;2025-12-24 16:27:11.383521+00;85bd0a8b-726f-4638-bb50-549a7c248447;true
1404d1cb-3a00-40a7-bb53-548b9455068c;4afbedc9-70f5-40f5-86fd-4fe95e09e67b;2by2;;1000.00;1000.00;;false;true;2025-12-24 16:27:12.428445+00;2025-12-24 16:27:12.428445+00;bcf6c92b-f422-46ad-8da7-d7a6f6553938;true
416f2b5e-7d88-4bfe-b110-81ebcf6855e2;f65b4b1b-6893-4811-827e-dc3db88a4873;MONSTER WHITE;;2000.00;2000.00;;false;true;2025-12-24 16:27:12.785862+00;2025-12-24 16:27:12.785862+00;1078a3d5-598c-4234-84e4-6f3a7f049c1c;true
dce0811e-85da-4a81-b142-988f705765ed;6c741f72-514e-45d5-958a-78108a5e1650;VINUT GRAPE;;2000.00;2000.00;;false;true;2025-12-24 16:27:13.111348+00;2025-12-24 16:27:13.111348+00;708bf98e-d8b9-40fd-8e86-3e384528bed8;true
57f907d4-e810-45a1-aa3c-2e5e3a78da15;024d7895-6fa8-469b-955b-e5743437ed60;VINUT GREEN VEGETABLE;;2000.00;2000.00;;false;true;2025-12-24 16:27:13.317352+00;2025-12-24 16:27:13.317352+00;93e1f1c8-dedd-4ddb-93de-7952694ee322;true
c9316783-67d1-45a8-a372-6dd863d8c7a9;eac721ea-368a-431b-b3b3-51c2118658dd;CAPRISUN 200ml;;500.00;500.00;;false;true;2025-12-24 16:27:13.502658+00;2025-12-24 16:27:13.502658+00;1d041b46-d845-4bf6-9f1a-547ba0cdea23;true
35ded376-cf0d-4fae-aec8-3c11873ccf3e;9c69d244-25d9-4494-a94e-dd6946fedcdc;SMOKED FISH;;1500.00;1500.00;;false;true;2025-12-24 16:27:22.356311+00;2025-12-24 16:27:22.356311+00;8fb8b7bf-b95f-40e4-9b96-33115722f668;true
84f491d7-65fa-4fe5-acca-1ab24a32af52;ca837952-d754-43f2-808b-df6f3ab12f60;3D  SPIRIT;;1000.00;1000.00;;false;true;2025-12-24 16:27:22.572786+00;2025-12-24 16:27:22.572786+00;43d70bac-4db6-4de8-b484-914ac8788246;true
8cbc1336-8c51-4fda-8ebf-8be9b5331698;d3880976-c418-48c1-9134-1a698a508e69;HEINEKEN 45CL;;1600.00;1600.00;;false;true;2025-12-24 16:27:22.797584+00;2025-12-24 16:27:22.797584+00;b301166c-02ab-4f7d-a310-7272db7d1ad7;true
52717f90-f621-4105-8fd6-0306148bf865;b511dcbb-8671-4c86-9f71-110b2dce5937;BIGI COLA;;400.00;400.00;;false;true;2025-12-24 16:27:22.967151+00;2025-12-24 16:27:22.967151+00;3aaa47bb-c6f8-45d8-a874-c331c2d94813;true
57c05c6d-92b7-490e-a937-a2f69bae6d26;c1f1a54f-abb5-4711-9822-b53d4dabb678;CATFISH 20K;;20000.00;20000.00;;false;true;2025-12-24 16:27:23.17567+00;2025-12-24 16:27:23.17567+00;7d0442f6-f5fc-4860-85ea-fed5cfc59cbb;true
d9fe5504-935d-4903-95d4-61af1dbb9469;c1f1a54f-abb5-4711-9822-b53d4dabb678;CATFISH 25K;;25000.00;25000.00;;false;true;2025-12-24 16:27:23.338723+00;2025-12-24 16:27:23.338723+00;366341ae-0a91-4140-a5bb-4a3910835119;true
4c009905-fb73-491b-a83e-676ba44299d0;ce2c4958-66ce-4fe0-8508-ae744e00744b;KUEMERELING BIG;;15000.00;15000.00;;false;true;2025-12-24 16:27:23.509621+00;2025-12-24 16:27:23.509621+00;6708b8c4-5d65-4425-b865-bb00feb3d3ab;true
ab7351b1-9954-4cf1-87be-3e725f19ab27;0c6847d9-70bd-4910-936f-ad7f402ca80a;FRUIT JUICE;;5000.00;5000.00;;false;true;2025-12-24 16:27:23.690298+00;2025-12-24 16:27:23.690298+00;b048a8b8-84c5-4782-8784-6d001556f86c;true
e87030d9-d7af-466a-af3d-2ecc6b52983e;45578ccb-bca8-4946-96ce-1d7740c9fcb5;MARTEL VSOP;;125000.00;125000.00;;false;true;2025-12-24 16:27:23.881514+00;2025-12-24 16:27:23.881514+00;67e1a1ba-d07f-44f3-a45e-001af82a9daa;true
423f90d3-d072-4253-8ad2-dfdcf691207f;4afbedc9-70f5-40f5-86fd-4fe95e09e67b;JAGERMEISTER BIG;;28000.00;28000.00;;false;true;2025-12-24 16:27:24.221199+00;2025-12-24 16:27:24.221199+00;6ff9fdb0-4b26-47a2-8ee8-1c7817155da4;true
f30a95c7-3b4e-45d9-ba87-935d9bb84b71;f2913036-3b20-4485-bae0-c708d57605e1;SILK AND SPICE;;30000.00;30000.00;;false;true;2025-12-24 16:27:24.411487+00;2025-12-24 16:27:24.411487+00;6a7fccf9-adb2-4325-98ad-082ce7cbcc3c;true
b4207e99-9380-4f99-9b18-bfb2a233a3bb;45578ccb-bca8-4946-96ce-1d7740c9fcb5;THE OBSERVATORY;;60000.00;60000.00;;false;true;2025-12-24 16:27:24.573064+00;2025-12-24 16:27:24.573064+00;c1c420e7-0711-4ac3-90f2-8aa6d874846c;true
72e54e43-b3cb-4922-867c-a1568bf99353;a29026e7-8185-4578-955c-31ae46dd9daf;VEGETABLE SAUCE;;2000.00;2000.00;;false;true;2025-12-24 16:27:24.732016+00;2025-12-24 16:27:24.732016+00;6ae0bff9-bafe-4656-bf16-f1a285de627e;true
134a8b5d-369d-400a-b0e6-e29aa03628ce;4afbedc9-70f5-40f5-86fd-4fe95e09e67b;1960 BITTERS BIG;;5000.00;5000.00;;false;true;2025-12-24 16:27:24.888546+00;2025-12-24 16:27:24.888546+00;5aae241c-26f7-4eaf-8fd1-d543bc300165;true
8ed9dbc9-1af9-45a5-a240-f7be4f1f7196;79d4ec31-3a88-45b8-b9e2-ad80f974288d;BANGA SOUP AND CHICKEN;;6500.00;6500.00;;true;true;2025-12-24 16:27:19.396183+00;2025-12-24 16:27:19.396183+00;91061a4c-8fda-474a-8598-f780e76445fc;true
13b4f458-46c7-40f1-94fc-4a663d78d33a;f5f45396-c7f0-43b9-a4ec-31a0dd55311f;EBA;;500.00;500.00;;true;true;2025-12-24 16:27:15.743573+00;2025-12-24 16:27:15.743573+00;5d6736eb-e7ef-4ac8-8b52-217a8bd3e080;true
3912fb43-95a7-4ecf-85d3-c8f9fed488b8;024d7895-6fa8-469b-955b-e5743437ed60;FELIZA RED;;10000.00;10000.00;;false;true;2025-12-24 16:27:13.726994+00;2025-12-24 16:27:13.726994+00;a371c40f-98b1-4b77-bdcb-5f4b78b8d622;true
0fe286d1-01d3-4fa7-bc55-fc512d41be75;d3880976-c418-48c1-9134-1a698a508e69;TROPHY BEER BOTTLE;;1500.00;1500.00;;false;true;2025-12-24 16:27:14.061746+00;2025-12-24 16:27:14.061746+00;93e614f2-5d6e-4489-9dac-d9f9eadc0419;true
73c16684-07fc-427d-a286-810c31f4464c;b7b60007-4cb4-4556-803e-daea85aa5bbb;MOI-MOI;;500.00;500.00;;false;true;2025-12-24 16:27:14.502635+00;2025-12-24 16:27:14.502635+00;5b70017a-4b4b-45f7-a20f-f978fc8d19e6;true
fa845ab0-257b-49a8-9db1-314dd13fdcce;f88c4327-c744-45af-a400-37e4d358caef;FRIED EGG AND PAP;;2500.00;2500.00;;false;true;2025-12-24 16:27:14.663635+00;2025-12-24 16:27:14.663635+00;bb8f9721-63e4-4789-9301-4780c1b37a10;true
b08a5798-908d-4b3e-9de8-14379f3a7c4a;d3880976-c418-48c1-9134-1a698a508e69;Origin beer bottle;;1600.00;1600.00;;false;true;2025-12-24 16:27:14.828124+00;2025-12-24 16:27:14.828124+00;78c3dc7e-8a3e-4c38-b18c-1f084f7d8f4c;true
8d91b44a-05be-4550-ae31-43b60595949c;f65b4b1b-6893-4811-827e-dc3db88a4873;MONSTER GREEN;;2000.00;2000.00;;false;true;2025-12-24 16:27:15.16556+00;2025-12-24 16:27:15.16556+00;d77a3404-f06f-4ba3-b6a2-0908208a222e;true
692008b0-4b09-4510-b515-60a9823ff61d;6c741f72-514e-45d5-958a-78108a5e1650;PALMY COLA;;1200.00;1200.00;;false;true;2025-12-24 16:27:15.331068+00;2025-12-24 16:27:15.331068+00;b799d829-c980-4860-b35e-42d953acbf92;true
94f4c1ca-8ce8-4aeb-8e6d-da3e230a41f6;50fe18e7-ff60-4e53-bf85-5d5141061806;EXTRA MEAT;;1000.00;1000.00;;false;true;2025-12-24 16:27:15.567093+00;2025-12-24 16:27:15.567093+00;5e2fe8da-79b2-4b91-9fd3-425babaa2128;true
e2f547ac-e222-42ef-8943-10734b6d2c47;f5f45396-c7f0-43b9-a4ec-31a0dd55311f;POUNDO;;500.00;500.00;;false;true;2025-12-24 16:27:15.902418+00;2025-12-24 16:27:15.902418+00;0c894d3e-3123-4c8a-83cb-e25e2d904679;true
7bab2be7-9f7e-4512-98ca-a2e983cccc08;3d92eb05-5bc3-4eb4-bc53-060ebbafa980;Grilled Catfish;;3000.00;3000.00;;false;true;2025-12-24 16:27:16.068048+00;2025-12-24 16:27:16.068048+00;790c5094-e932-4d2b-90c9-85b16ff32e43;true
947ee3ff-b0d4-49ed-9698-f2a09c373d6f;ce2c4958-66ce-4fe0-8508-ae744e00744b;Ivory Cream;;2500.00;2500.00;;false;true;2025-12-24 16:27:16.268582+00;2025-12-24 16:27:16.268582+00;51e26797-5702-44fa-b719-8ad4cd31e3b6;true
d14505b7-5771-4713-9422-d1cd3320b980;dce35da1-db2f-4a4b-ace2-d458b5b382a2;WILLIAM LAWSON;;25000.00;25000.00;;false;true;2025-12-24 16:27:16.475059+00;2025-12-24 16:27:16.475059+00;6ad80172-a4b1-431a-a2ec-009e45689b54;true
154ea179-5f5f-43dc-9928-5ded6350da00;9c69d244-25d9-4494-a94e-dd6946fedcdc;CAT FISH BARBEQUE 7,500;;7500.00;7500.00;;false;true;2025-12-24 16:27:16.688294+00;2025-12-24 16:27:16.688294+00;af9addb2-9150-403e-b2c7-501ce5adbb06;true
95302327-79c1-473c-92e8-5ac19e256760;9c69d244-25d9-4494-a94e-dd6946fedcdc;CAT FISH 7K;;7000.00;7000.00;;false;true;2025-12-24 16:27:16.902181+00;2025-12-24 16:27:16.902181+00;9b2885db-cf01-4adb-b479-3ed734638c7d;true
8376f299-ec99-4f14-aa46-7443b2351c05;c1f1a54f-abb5-4711-9822-b53d4dabb678;Barbecue Catfish;;7000.00;7000.00;;false;true;2025-12-24 16:27:17.098887+00;2025-12-24 16:27:17.098887+00;9e0f2197-202b-4c77-ae24-ba2a214f8bbe;true
e89b83a9-3b19-4516-997d-330e6bd7aa5a;50fe18e7-ff60-4e53-bf85-5d5141061806;INDOMIE AND 2 EGGS;;4000.00;4000.00;;false;true;2025-12-24 16:27:17.275111+00;2025-12-24 16:27:17.275111+00;ce6586b2-8641-43b4-ac66-7ef9055b4763;true
eb7127ea-1c98-4c97-8a48-7e6ec3891324;fe0beb93-c57e-4459-8db9-cb2afcb18d23;Fruit bread;;2000.00;2000.00;;false;true;2025-12-24 16:27:17.453706+00;2025-12-24 16:27:17.453706+00;0c6ebd83-1a7c-45e7-ac83-f892cb540205;true
4ee99187-fb6c-42ec-9f59-04ad0b67d915;9c69d244-25d9-4494-a94e-dd6946fedcdc;TILAPIAFISH BARBECUE 7500;;7500.00;7500.00;;false;true;2025-12-24 16:27:17.638206+00;2025-12-24 16:27:17.638206+00;e8ef7a17-1050-46b2-964a-69e255c3f301;true
c3c0e982-76e0-4d72-bd04-df3510f45983;4afbedc9-70f5-40f5-86fd-4fe95e09e67b;ORIJIN BITTERS;;1800.00;1800.00;;false;true;2025-12-24 16:27:17.840765+00;2025-12-24 16:27:17.840765+00;6f521f81-1021-4e53-a71a-8b8c228e6eb4;true
eff8511e-4d25-4fd7-a0df-0d6c8e3b2c4f;d3880976-c418-48c1-9134-1a698a508e69;GOLDBERG BOTTLE;;1500.00;1500.00;;false;true;2025-12-24 16:27:18.007773+00;2025-12-24 16:27:18.007773+00;aa35e1e4-b0d6-4a64-997c-11af01b42734;true
b3f7513e-0a26-4c6b-a1f6-f3239b4ac1bc;9c69d244-25d9-4494-a94e-dd6946fedcdc;CAT FISH BARBEQUE 8,500;;8500.00;8500.00;;false;true;2025-12-24 16:27:18.18961+00;2025-12-24 16:27:18.18961+00;f24e6f54-9893-48a2-a749-df8e7b2a131a;true
5d011011-c0fc-4989-a51a-ff5a29b33ee9;79d4ec31-3a88-45b8-b9e2-ad80f974288d;GOAT MEAT STEW;;5000.00;5000.00;;false;true;2025-12-24 16:27:18.356637+00;2025-12-24 16:27:18.356637+00;0a3ff8de-2248-4cff-83bc-2b8356e098a5;true
9c823f60-e453-45d2-a623-391495840b74;9c69d244-25d9-4494-a94e-dd6946fedcdc;Barbecue Catfish 7,500;;7500.00;7500.00;;false;true;2025-12-24 16:27:18.541353+00;2025-12-24 16:27:18.541353+00;e6dbfd94-a677-4117-b14a-96f31e214832;true
21237a5e-53b2-4037-b8e4-77afe790b7e2;9c69d244-25d9-4494-a94e-dd6946fedcdc;Barbecue Catfish 9000;;9000.00;9000.00;;false;true;2025-12-24 16:27:18.704236+00;2025-12-24 16:27:18.704236+00;24a256d3-6285-46ec-a5e3-e736c7fca6cf;true
cae5313d-5476-4df0-b26e-586671eecb87;9c69d244-25d9-4494-a94e-dd6946fedcdc;Barbecue Catfish 10000;;10000.00;10000.00;;false;true;2025-12-24 16:27:18.888639+00;2025-12-24 16:27:18.888639+00;d4540397-0eed-4b45-89c8-54797108fedd;true
760597ea-ae95-49ae-b504-297ffac2f3cf;9c69d244-25d9-4494-a94e-dd6946fedcdc;Barbecue Catfish 11000;;11000.00;11000.00;;false;true;2025-12-24 16:27:19.05477+00;2025-12-24 16:27:19.05477+00;e1303542-4651-4b0c-bda8-0a7e38bbae14;true
6522ed79-1b1c-4c03-b460-b50d3c20fe0a;01788e9d-0a91-4260-a458-fb830293e3a2;MARTINELLIS SPARKLING CIDAR;;16000.00;16000.00;;false;true;2025-12-24 16:27:19.227456+00;2025-12-24 16:27:19.227456+00;0d449349-8465-420d-97e3-f74862af69a8;true
9e7c5310-b2eb-441d-b1f9-f1d0a57a5c5c;45578ccb-bca8-4946-96ce-1d7740c9fcb5;IMPERIAL BLUE SMALL;;2500.00;2500.00;;false;true;2025-12-24 16:27:19.749917+00;2025-12-24 16:27:19.749917+00;02b005eb-761d-467e-9fbf-0cfba6b15a96;true
45e4756a-cc70-47d4-9817-793f2f0d2ae7;8ed0f4df-5c5f-42e8-a4d2-0b7968cd053b;DON ROYAL;;10000.00;10000.00;;false;true;2025-12-24 16:27:19.939014+00;2025-12-24 16:27:19.939014+00;54af26a7-84f4-4bb1-8d2a-d34e645e2b8b;true
7f2955f5-96fa-4093-985c-f8442d7e28a5;30c44271-3483-4c36-a4cc-a939d51ce24d;BACARDI GOLD;;25000.00;25000.00;;false;true;2025-12-24 16:27:20.15351+00;2025-12-24 16:27:20.15351+00;ef46ba22-fcd5-408d-9e39-328fa3f57265;true
8d114058-d126-4ada-a9ee-e917bae2fc5d;2ed2605a-500d-4c58-b8b9-f89e4ae89e2e;FLIRT VODKA;;12000.00;12000.00;;false;true;2025-12-24 16:27:20.345986+00;2025-12-24 16:27:20.345986+00;b1162968-4dc2-45cf-beca-aff27c1b3cc5;true
d3e504d2-0004-4617-91cc-be315acbc584;6c741f72-514e-45d5-958a-78108a5e1650;VINUT TANARIND;;2000.00;2000.00;;false;true;2025-12-24 16:27:20.518477+00;2025-12-24 16:27:20.518477+00;75b2eeee-6e55-47ca-aa63-5e7aacca4307;true
de0ba204-9a7d-49e6-b1cb-c3e90941aa9c;45578ccb-bca8-4946-96ce-1d7740c9fcb5;SUNU KING;;10000.00;10000.00;;false;true;2025-12-24 16:27:20.686879+00;2025-12-24 16:27:20.686879+00;a4b38d94-6b23-4538-afd0-c03d1f5d0697;true
f95cec7a-0008-4fdd-a7dd-6ef3f32b3bcd;f2913036-3b20-4485-bae0-c708d57605e1;ANGEL RED WINE;;10000.00;10000.00;;false;true;2025-12-24 16:27:20.844415+00;2025-12-24 16:27:20.844415+00;ce4481ba-b1a4-45bb-9375-176b60919a2c;true
db2020d9-1be9-42e0-a338-89ef3eaf1fb2;29d54055-c0d6-4f56-946c-d16188266912;VVIP  CHARGE;;500.00;500.00;;false;true;2025-12-24 16:27:21.006758+00;2025-12-24 16:27:21.006758+00;1b162cd9-f38f-4b97-974a-2b680e3e9d4d;true
4b3b4a7d-6ca0-4b5d-9817-bee232cc9c7d;f2913036-3b20-4485-bae0-c708d57605e1;LEON DEL SOL;;25000.00;25000.00;;false;true;2025-12-24 16:27:21.377416+00;2025-12-24 16:27:21.377416+00;91a8e181-5cb4-4fda-a1c1-53d37aa46b76;true
264d5d3b-5ee1-4a5b-a6f6-2dde12ce145f;6e5dcf84-d0e4-4d04-a5c9-48cff9c2f026;CACHITO TEQUILA;;20000.00;20000.00;;false;true;2025-12-24 16:27:21.537932+00;2025-12-24 16:27:21.537932+00;016dd8c2-4d25-4048-b6a8-0f4d5494cc66;true
4c4801d8-3b2f-484d-9376-294a66b554a7;ce2c4958-66ce-4fe0-8508-ae744e00744b;THE NINES;;15000.00;15000.00;;false;true;2025-12-24 16:27:21.727056+00;2025-12-24 16:27:21.727056+00;ea32fb56-10cc-4295-a055-564d4aabfa88;true
825ff525-f44d-492d-bd5a-3dbac3879f19;3d92eb05-5bc3-4eb4-bc53-060ebbafa980;ASSORTED PEPPER SOUP;;2000.00;2000.00;;false;true;2025-12-24 16:27:21.892419+00;2025-12-24 16:27:21.892419+00;ef6266dd-961d-486d-8961-45e2d60794ff;true
74789f3a-3116-454d-8bc8-5931e7f6e998;d3f474dd-d930-4561-8532-241847e4755c;V-JOY;;3600.00;3600.00;;false;true;2025-12-24 16:27:22.223353+00;2025-12-24 16:27:22.223353+00;f8ef6fe4-f58a-4f1a-864d-7bd6797d1cdd;true
537e55dc-5d2e-4cfe-b2bb-4b2fca0c0fbb;45578ccb-bca8-4946-96ce-1d7740c9fcb5;BALLANTINES;;25000.00;25000.00;;false;true;2025-12-24 16:27:24.094955+00;2025-12-24 16:27:24.094955+00;ee459063-718a-45d7-aab6-05fb5a52fcae;true
f6e91799-77fa-4674-80b9-9c32703a4a80;8f4b48bf-a1c0-42df-af3c-5494a88e9756;TEA SPECIAL;;5000.00;5000.00;;false;true;2025-12-24 16:27:25.090626+00;2025-12-24 16:27:25.090626+00;6568c688-4d02-417c-b3ea-7b1aa6ab99eb;true
317682c7-8ae4-4cd6-8ba5-d6a5b699b00e;8f4b48bf-a1c0-42df-af3c-5494a88e9756;TEA SUPERMAN/WOMAN;;6000.00;6000.00;;false;true;2025-12-24 16:27:25.259817+00;2025-12-24 16:27:25.259817+00;4119c69d-6671-4114-81f4-a00feebb1a58;true
c89b764b-df1e-44eb-8525-b7dc548f42ef;024d7895-6fa8-469b-955b-e5743437ed60;OREANDA;;10000.00;10000.00;;false;true;2025-12-24 16:27:25.438972+00;2025-12-24 16:27:25.438972+00;f7c54f50-0aef-404a-a157-146598891165;true
538c5a3b-a83b-478c-9828-5450f282be23;024d7895-6fa8-469b-955b-e5743437ed60;MAPU;;12000.00;12000.00;;false;true;2025-12-24 16:27:25.603706+00;2025-12-24 16:27:25.603706+00;5c6cdee8-3d63-4801-ba8c-8a8f1d9432f4;true
4d41fe0a-1ede-4295-809f-382c73dbfaea;4502d6ff-7a7e-4808-af4f-7e27f0fb5639;PREDATOR;;1000.00;1000.00;;true;true;2025-12-24 16:26:55.753472+00;2025-12-24 16:26:55.753472+00;d72a751f-55eb-48fc-808b-e074bdc63724;true
37bfdb66-4255-4477-84c8-18db1bbcb69f;f88c4327-c744-45af-a400-37e4d358caef;FRIED PLANTAIN;;1000.00;1000.00;;true;true;2025-12-24 16:26:53.605107+00;2025-12-24 16:26:53.605107+00;b7ca45ee-e9e6-4890-8d6a-c03647fd8263;true
572066f8-1c50-490f-b494-5705e5fdf674;f5f45396-c7f0-43b9-a4ec-31a0dd55311f;SEMO;;500.00;500.00;;true;true;2025-12-24 16:27:15.82401+00;2025-12-24 16:27:15.82401+00;e28627bc-4d52-4857-9d36-bebfc2fb2e92;true
d0652f46-a857-4b47-8b14-16cf6fb3a20f;79d4ec31-3a88-45b8-b9e2-ad80f974288d;AFANG SOUP AND CHICKEN;;7500.00;7500.00;;true;true;2025-12-24 16:27:17.549959+00;2025-12-24 16:27:17.549959+00;0bc7f06e-9df5-40e1-b8c4-e399f4fdf1ef;true
2540c9c5-8923-4639-8db8-6b856b209c5e;79d4ec31-3a88-45b8-b9e2-ad80f974288d;OHA SOUP WITH TUIRKEY;;3500.00;3500.00;;true;true;2025-12-24 16:26:59.147971+00;2025-12-24 16:26:59.147971+00;3aace068-2e13-4091-a37a-0fb0c41270c1;true
b2f78cfc-ef82-4e24-8cef-4b18672c9176;79d4ec31-3a88-45b8-b9e2-ad80f974288d;OKRO SOUP WITH TURKEY;;3500.00;3500.00;;true;true;2025-12-24 16:26:59.249274+00;2025-12-24 16:26:59.249274+00;cc16ab18-ff54-46f1-99aa-29fd415cf9cf;true
bdb7a956-6b03-425d-a3b6-d91b04319710;2ed2605a-500d-4c58-b8b9-f89e4ae89e2e;SMIRNOFF VODKA MINI;;2500.00;2500.00;;true;true;2025-12-24 16:27:21.977931+00;2025-12-24 16:27:21.977931+00;55b5ec3d-66e7-422f-9a88-9fbb18d8645a;true
962718bf-fd75-4835-87f0-e118ce2a0a9b;9c69d244-25d9-4494-a94e-dd6946fedcdc;ROASTED PLANTAIN AND GOAT MEAT SAUCE;;3500.00;3500.00;;true;true;2025-12-24 16:27:09.296054+00;2025-12-24 16:27:09.296054+00;d2bd6ad0-f213-4d12-8b14-249da21a53a0;true
a471ace6-db76-4ca0-80a4-9e2113683d8d;0f8c8d93-f7d0-4c63-9ee2-a6d3f2899981;GOATMEAT PEPPERSOUP;;4500.00;4500.00;;true;true;2025-12-24 16:26:59.506742+00;2025-12-24 16:26:59.506742+00;ecef2d38-a49a-4be7-8db4-613ff0a24a18;true
69f66b60-fdc9-4330-9f15-60ed85a981ba;c9abda73-9c8a-497d-a33f-bc39a503499a;HENNESSY  VSOP;;160000.00;160000.00;;true;true;2025-12-24 16:26:52.683065+00;2025-12-24 16:26:52.683065+00;5cbafca7-4eaa-43b0-89e8-c5714eb4b615;true
ee28fa35-27df-4d5e-95b5-6d74da29bff8;7107abaa-dcd7-47e0-96b4-33331b63818d;Coca Cola;;500.00;200.00;;false;true;2025-12-24 13:39:26.53095+00;2025-12-24 13:39:26.53095+00;0e1cd057-1920-4b1b-84ad-3c43840b4930;true
63384789-fd95-4d4a-b95e-f471a02436c5;79d4ec31-3a88-45b8-b9e2-ad80f974288d;FRIED RICE,TURKEY AND SALAD;;6000.00;6000.00;;false;true;2025-12-24 16:26:53.709051+00;2025-12-24 16:26:53.709051+00;ba53becc-61b2-4aca-a565-076d86fab6ec;true
a8e884b3-67d0-4055-bda0-3d19bf7b9070;4e6972da-a11a-4f13-a494-fa01ce1fcbaf;PINEAPPLE AND BEET;;1500.00;1500.00;;false;true;2025-12-24 16:26:54.18697+00;2025-12-24 16:26:54.18697+00;44ba27ea-9935-403a-80a6-e100cbf55c5b;true
2dc20d8b-283b-4a8f-aadf-3cbaad2d6efe;f88c4327-c744-45af-a400-37e4d358caef;PLANTAIN PORRIDGE WITH CHICKEN;;3000.00;3000.00;;false;true;2025-12-24 16:26:54.678909+00;2025-12-24 16:26:54.678909+00;4e9b036f-44bc-43be-a601-7925b0c8dca1;true
925487bd-fba5-44ac-b39c-0710d591a2fc;0c6847d9-70bd-4910-936f-ad7f402ca80a;GINGER,BEET AND PINEAPPLE;;4000.00;4000.00;;false;true;2025-12-24 16:26:55.168839+00;2025-12-24 16:26:55.168839+00;2fda5837-09ac-492a-8361-67985989faa2;true
473efb7a-86b6-42cb-9cae-20a9c191a320;f88c4327-c744-45af-a400-37e4d358caef;SANDWICH;;500.00;500.00;;false;true;2025-12-24 16:26:56.235781+00;2025-12-24 16:26:56.235781+00;dc33fa3c-d03d-4dc1-ab4d-64ce32fa4295;true
dd7cb943-140d-49a4-9b2c-396798c8913d;79d4ec31-3a88-45b8-b9e2-ad80f974288d;COCONUT RICE AND TILAPIA FISH;;3500.00;3500.00;;false;true;2025-12-24 16:26:56.622903+00;2025-12-24 16:26:56.622903+00;b467d37e-59e0-4780-a860-8b43d7e67752;true
9c225102-1f75-4555-bc7f-7b30f5ccca0f;79d4ec31-3a88-45b8-b9e2-ad80f974288d;BASMATI FRIED RICE AND SNAIL WITH SALAD;;5000.00;5000.00;;false;true;2025-12-24 16:26:57.129704+00;2025-12-24 16:26:57.129704+00;16c5b446-1137-4296-9d30-9f019a357bac;true
f85bc04c-37f1-4834-95d7-d6bde21eddc1;0f8c8d93-f7d0-4c63-9ee2-a6d3f2899981;WHITE RICE AND CHICKEN WITH VEGETABLE SAUCE;;7000.00;7000.00;;false;true;2025-12-24 16:26:57.715533+00;2025-12-24 16:26:57.715533+00;30d32c89-aa2a-4917-8290-77f16c8e68bb;true
1c79a75e-5057-4386-8bab-82ae3767ffb6;0f8c8d93-f7d0-4c63-9ee2-a6d3f2899981;COCONUT RICE, TURKEY AND SALAD;;6000.00;6000.00;;false;true;2025-12-24 16:26:58.305919+00;2025-12-24 16:26:58.305919+00;f6ce4c6f-a519-4043-a29a-fcc422bfda6d;true
a9b78f49-9ad5-4c13-bd70-0e5ae0e2e411;79d4ec31-3a88-45b8-b9e2-ad80f974288d;TWO PORTIONS OF SNAILS AND CHIPS;;3500.00;3500.00;;false;true;2025-12-24 16:26:59.410803+00;2025-12-24 16:26:59.410803+00;ec5d50c7-7e85-4524-9746-00321fb09dd6;true
599736e5-352d-4270-8da9-4bec03835f1f;79d4ec31-3a88-45b8-b9e2-ad80f974288d;WHITE RICE AND BEEF STEW;;3500.00;3500.00;;false;true;2025-12-24 16:27:00.674774+00;2025-12-24 16:27:00.674774+00;73a5c55e-eb27-4738-b274-2ee55cde6034;true
c1c50a0f-33a2-4845-b21e-153cc1f26a45;d3880976-c418-48c1-9134-1a698a508e69;LIFE BOTTLE REG;;1700.00;1700.00;;false;true;2025-12-24 16:27:05.3593+00;2025-12-24 16:27:05.3593+00;43d58e6a-8ff6-424f-b3c9-3717fd6872da;true
4cb47f93-cfdf-414c-93b0-c1404fe3b5c7;b7b60007-4cb4-4556-803e-daea85aa5bbb;TURKEY AND CHIPS;;5500.00;5500.00;;false;true;2025-12-24 16:27:06.430555+00;2025-12-24 16:27:06.430555+00;2d407b11-1d97-4b54-af31-05dbc1aa58b4;true
a4c3bff1-fefe-4c48-bae5-0d532a5c88eb;2cd0a96e-1abb-4ede-989c-080bb86c823c;TEEM SODA;;500.00;500.00;;false;true;2025-12-24 16:27:07.343807+00;2025-12-24 16:27:07.343807+00;d8a07971-9b0a-4d46-b3b7-0e6abce829be;true
1a2fb481-c70c-4256-8186-7a9fd7ca120c;79d4ec31-3a88-45b8-b9e2-ad80f974288d;FOOD;;40000.00;40000.00;;false;true;2025-12-24 16:27:08.099349+00;2025-12-24 16:27:08.099349+00;6a2caee6-2a52-4cfb-a158-7a3826260da1;true
a2b7f81e-2f46-46d6-a320-084e2d3f9a53;9c69d244-25d9-4494-a94e-dd6946fedcdc;SHAWARMA CHICKEN JUMBO;;4000.00;4000.00;;false;true;2025-12-24 16:27:13.980701+00;2025-12-24 16:27:13.980701+00;5daaae10-2cff-4f75-94c1-9c1351b2ae1f;true
67d9e059-ce62-4c62-bf45-2ac2d7dc9569;a29026e7-8185-4578-955c-31ae46dd9daf;GREEN;;1500.00;1500.00;;false;true;2025-12-24 16:27:14.908501+00;2025-12-24 16:27:14.908501+00;e289926f-6dfc-485e-a1ff-2c56cd8d8261;true
08ab22f7-9138-469d-a816-386d5b2fea46;6c741f72-514e-45d5-958a-78108a5e1650;SMALL STOUT REG;;900.00;900.00;;false;true;2025-12-24 16:27:16.771294+00;2025-12-24 16:27:16.771294+00;52dee23e-0f20-4601-bf92-87259c90920a;true
adedd38b-178f-4232-9164-e561272477d8;9c69d244-25d9-4494-a94e-dd6946fedcdc;Barbecue Catfish 6,500;;6500.00;6500.00;;false;true;2025-12-24 16:27:18.448941+00;2025-12-24 16:27:18.448941+00;4c016652-a0af-484f-8d91-0479eb05ee23;true
38e65968-23e9-4458-a6ee-76c1d834db57;b176e4f2-41e7-4ee6-8050-50c085000450;VINUT COCONUT MILK;;2000.00;2000.00;;false;true;2025-12-24 16:27:19.478078+00;2025-12-24 16:27:19.478078+00;0517babe-9c16-4ee8-b530-ae7bf9a68616;true
c72d650d-43d7-439b-b32d-65d262ba18b0;3d92eb05-5bc3-4eb4-bc53-060ebbafa980;PEPPERED CHICKEN;;5500.00;5500.00;;false;true;2025-12-24 16:27:20.437145+00;2025-12-24 16:27:20.437145+00;37680af9-e62d-440e-a534-b8a88242a23b;true
c711a2ce-88db-401a-b74c-3c9d307e37d6;79d4ec31-3a88-45b8-b9e2-ad80f974288d;FRIED RICE AND TURKEY;;4500.00;4500.00;;false;true;2025-12-24 16:26:59.891015+00;2025-12-24 16:26:59.891015+00;48995a4c-ae32-431f-bad3-cf0c36175812;true
a6a95fe4-a7be-460d-b380-a25852db47d9;d3880976-c418-48c1-9134-1a698a508e69;SMIRNOFF PINEAPPLE BOTTLE;;1200.00;1200.00;;false;true;2025-12-24 16:27:00.986295+00;2025-12-24 16:27:00.986295+00;0f54c6cc-eb52-4324-8780-fec62aa2ffd3;true
12e09f65-9614-46f8-a7a6-73ff220f3682;f2913036-3b20-4485-bae0-c708d57605e1;RIUNITE LAMBRUSCO;;12000.00;12000.00;;false;true;2025-12-24 16:27:01.696135+00;2025-12-24 16:27:01.696135+00;0630e109-c36f-47e3-b4b4-c35f208d17b2;true
42bb573e-4f92-449d-921b-e9616e12d491;f65b4b1b-6893-4811-827e-dc3db88a4873;RED FEARLESS;;1000.00;1000.00;;false;true;2025-12-24 16:27:02.338619+00;2025-12-24 16:27:02.338619+00;12090afe-4782-4be4-9bed-bfb6100a7b8b;true
ad5b3410-7d7d-42a6-8083-d1d936fdbcff;d3880976-c418-48c1-9134-1a698a508e69;HEINEKEN BOTTLE VIP;;1500.00;1500.00;;false;true;2025-12-24 16:27:02.806117+00;2025-12-24 16:27:02.806117+00;ae11a71e-9330-4500-8e2d-3dc7c09a9eab;true
e4683bf2-e0c9-402b-86e9-78e744746dc4;d3880976-c418-48c1-9134-1a698a508e69;BIG STOUT BOTTLE REGULAR;;1500.00;1500.00;;false;true;2025-12-24 16:27:03.292998+00;2025-12-24 16:27:03.292998+00;e68dd860-2424-4573-90e5-92d94fd15115;true
6c07dde0-f0a6-4a50-b6cc-841fc3ec050f;d3880976-c418-48c1-9134-1a698a508e69;HERO BOTTLE REG;;1500.00;1500.00;;false;true;2025-12-24 16:27:03.817231+00;2025-12-24 16:27:03.817231+00;7a9dd743-76cf-4e43-a229-9935734cce34;true
714f862b-236b-4154-a0f8-848d34e20437;d3880976-c418-48c1-9134-1a698a508e69;EAGLE LAGER REG;;1000.00;1000.00;;false;true;2025-12-24 16:27:04.30036+00;2025-12-24 16:27:04.30036+00;be716ad3-16dd-48ae-8c28-2648821c6552;true
714bd749-feb3-4486-8bfe-7f6dd10a4a61;024d7895-6fa8-469b-955b-e5743437ed60;MOET NECTER IMPERIAL;;180000.00;180000.00;;true;true;2025-12-24 16:26:53.112964+00;2025-12-24 16:26:53.112964+00;f83ffc86-8315-4e3b-bf19-6c42cfa4862a;true
a09ac4df-365f-4348-95d7-b0c07971825d;50fe18e7-ff60-4e53-bf85-5d5141061806;BIG CHICKEN AND CHIPS;;6000.00;6000.00;;false;true;2025-12-24 16:27:20.923859+00;2025-12-24 16:27:20.923859+00;f079e7e6-4214-4f94-be6c-ff18d04a1b0e;true
0d51a1c6-1e4c-48be-968a-4c24f91d3428;b73477f9-74b2-466e-b144-f9080596dd1c;VVIP WATER;;500.00;500.00;;false;true;2025-12-24 16:27:21.094435+00;2025-12-24 16:27:21.094435+00;82b21f30-c136-431f-b3ca-ecf5cdc80478;true
24a452fd-459a-4376-be60-fb13e09dbc06;b20e4016-683d-42d3-81b6-452928613cdd;Snooker coin 1500;;1500.00;1500.00;;false;true;2025-12-24 16:27:21.281873+00;2025-12-24 16:27:21.281873+00;cc490acd-3545-447e-9be0-e646d4963a23;true
4d6cfebd-f283-4cf1-b5a3-93da0f7cc8c8;d2a33bf9-9ef2-4aba-a5a1-f423f035d2cf;PURE JOY SOURSOP;;2000.00;2000.00;;false;true;2025-12-24 16:27:21.458342+00;2025-12-24 16:27:21.458342+00;d6dfec36-6c66-465d-9dd2-92387525cb44;true
5b95c1ee-4984-41a8-8127-bf3581c2a337;f2913036-3b20-4485-bae0-c708d57605e1;SYRAH RED WINE;;8000.00;8000.00;;false;true;2025-12-24 16:27:21.62452+00;2025-12-24 16:27:21.62452+00;b5670581-079b-42e6-a825-2473c2c565fa;true
18f73495-56c4-4a96-a957-48f005477604;adf36f4e-64b7-4a19-be1d-2820caed6103;Cashew;;1000.00;1000.00;;false;true;2025-12-24 16:27:21.81002+00;2025-12-24 16:27:21.81002+00;ea5d7302-d5f5-4d77-9af9-f154ead38e94;true
f1f006cc-626d-4437-901d-947c75d76077;0c6847d9-70bd-4910-936f-ad7f402ca80a;WATERMELON,PINEAPPLE & BEETROOT;;4000.00;4000.00;;false;true;2025-12-24 16:27:22.143947+00;2025-12-24 16:27:22.143947+00;a6f249cf-dc4f-44ce-9dc3-2f341ca40911;true
8020ae97-d846-478d-857b-7cd3d70a1c1d;8f4b48bf-a1c0-42df-af3c-5494a88e9756;TEA GOODY GOODY;;4000.00;4000.00;;false;true;2025-12-24 16:27:25.17195+00;2025-12-24 16:27:25.17195+00;9dec9737-5b0a-48bd-9567-a032974b981d;true
7d944933-6b82-4bc4-8276-de2b65168d3e;8f4b48bf-a1c0-42df-af3c-5494a88e9756;TEA SPECIAL HALF;;2500.00;2500.00;;false;true;2025-12-24 16:27:25.351037+00;2025-12-24 16:27:25.351037+00;d797b250-9219-4ce0-af30-b4e1e8ddb9e5;true
34ee795e-dd1d-41d2-9fb3-b7cbb87d8e12;024d7895-6fa8-469b-955b-e5743437ed60;ZINFANDEL;;10000.00;10000.00;;false;true;2025-12-24 16:27:25.52295+00;2025-12-24 16:27:25.52295+00;43746561-423a-4b92-ada7-2c05573633d5;true